url_length,domain_length,path_length,num_dots,num_hyphens,num_underscores,num_slashes,num_at_symbols,num_question_marks,num_ampersands,num_equals,num_digits,num_special_chars,has_ip_address,has_https,has_http,subdomain_count,is_shortener,has_phishing_keyword,phishing_keyword_count,entropy,digit_ratio,letter_ratio,suspicious_tld,double_slash_redirect,prefix_suffix_hyphen,abnormal_url,path_extension_suspicious,query_param_count,has_port,label,url
48,24,7,2,1,0,3,0,1,0,1,6,0,0,0,1,1,0,1,4,4.4332,0.125,0.6875,1,0,0,0,0,1,0,1,http://secure.update-account.ga/signin?id=378535
67,40,20,4,2,0,3,0,0,1,1,4,0,0,0,1,3,0,1,4,4.4347,0.0597,0.7612,0,0,0,0,0,0,0,1,http://login-support.amazon.com.evil-domain.com/signin&session=1996
53,27,7,2,2,0,3,0,1,0,1,1,0,0,0,1,1,0,1,3,4.5481,0.0189,0.7925,0,0,0,0,0,1,0,1,http://www.paypa1-secure-login.com/verify?user=victim
45,24,14,1,2,0,4,0,0,0,0,0,0,0,0,1,0,0,1,4,4.2969,0.0,0.8222,1,0,0,0,0,0,0,1,http://google-account-locked.tk/signin/verify
34,18,8,2,0,0,4,0,0,0,0,2,0,0,1,0,1,0,0,0,4.2417,0.0588,0.7353,0,0,0,0,0,0,0,0,https://www.cloudflare.com/page/37
60,33,20,3,1,0,3,0,0,1,1,4,0,0,0,1,2,0,1,5,4.5631,0.0667,0.7667,1,0,0,0,0,0,0,1,http://secure.paypal.account-verify.club/wallet&session=8451
54,32,15,2,3,0,3,0,0,0,0,0,0,0,0,1,1,0,1,5,4.1882,0.0,0.8333,1,0,0,0,0,0,0,1,http://login.microsoft-support-alert.cf/password-reset
38,21,10,2,1,0,3,0,0,0,0,0,0,0,0,1,0,0,1,3,4.2012,0.0,0.8158,1,0,0,0,1,0,0,1,http://credential-verify.win/login.php
58,27,24,2,1,0,5,0,0,0,0,0,0,0,0,1,1,0,1,4,4.1832,0.0,0.8448,1,0,0,0,0,0,0,1,http://www.microsoft-alert.support/windows/security/update
50,12,11,3,0,1,6,0,1,0,1,2,0,0,1,0,1,0,0,0,4.3533,0.04,0.7,0,0,0,0,0,1,0,0,https://www.ebay.com/sch/i.html?_nkw=phone/page/44
57,30,20,3,1,0,3,0,0,1,1,4,0,0,0,1,2,0,1,2,4.4753,0.0702,0.7544,1,0,0,0,0,0,0,1,http://paypal.com.malicious-domain.ru/wallet&session=1125
52,12,11,3,1,1,4,0,1,0,1,1,0,0,1,0,1,0,0,0,4.421,0.0192,0.7308,0,0,0,0,0,1,0,0,https://www.ebay.com/sch/i.html?_nkw=phone#section-9
43,19,17,1,2,0,4,0,0,0,0,0,0,0,0,1,0,0,1,4,4.0582,0.0,0.814,1,0,0,0,0,0,0,1,http://support-apple-id.ga/account/validate
62,20,35,1,2,0,5,0,0,1,1,4,0,0,0,1,0,0,1,3,4.3691,0.0645,0.7581,1,0,0,0,0,0,0,1,http://chase-bank-login.xyz/online/banking/signin&session=9576
49,35,7,3,2,0,3,0,0,0,0,0,0,0,0,1,2,0,1,1,4.167,0.0,0.8163,0,0,0,0,0,0,0,1,http://www.www-paypal-com.phishingsite.com/webscr
43,22,14,2,2,0,3,0,0,0,0,0,0,0,0,1,0,0,1,3,4.3243,0.0,0.814,1,0,0,0,0,0,0,1,http://ebay-account-verify.ga/ebayisapi.dll
36,13,7,2,0,0,3,0,1,0,1,0,0,0,1,0,1,0,1,1,4.086,0.0,0.7778,0,0,0,0,0,1,0,0,https://www.apple.com/iphone?lang=en
53,24,22,2,2,0,5,0,0,0,0,0,0,0,0,1,1,0,1,3,4.1905,0.0,0.8113,1,0,0,0,0,0,0,1,http://www.chase-bank-login.xyz/online/banking/signin
42,28,7,3,1,0,3,0,0,0,0,0,0,0,0,1,2,0,1,4,4.1057,0.0,0.8095,1,0,0,0,0,0,0,1,http://www.secure.update-account.ga/signin
34,18,0,2,0,0,2,0,1,0,1,0,0,0,1,0,1,0,0,0,4.1973,0.0,0.7941,0,0,0,0,0,1,0,0,https://www.salesforce.com?lang=en
38,23,8,1,2,0,3,0,0,0,0,0,0,0,0,1,0,0,1,3,4.2211,0.0,0.8158,1,0,0,0,0,0,0,1,http://twitter-login-verify.ml/account
33,11,14,2,0,0,5,0,0,0,0,2,0,0,1,0,1,0,0,0,4.1243,0.0606,0.697,0,0,0,0,0,0,0,0,https://www.ibm.com/cloud/page/33
47,17,14,2,1,0,4,0,1,0,1,0,0,0,1,0,1,0,1,1,4.3128,0.0,0.7872,0,0,0,0,0,1,0,0,https://www.microsoft.com/en-us/windows?lang=en
52,38,7,4,2,0,3,0,0,0,0,0,0,0,0,1,3,0,1,4,4.1409,0.0,0.8077,1,0,0,0,0,0,0,1,http://login-support.amazon.ga.evil-domain.ga/signin
32,14,0,2,1,0,2,0,0,0,0,1,0,0,1,0,1,0,1,1,4.0778,0.0312,0.75,0,0,0,0,0,0,0,0,https://www.google.com#section-9
46,13,17,2,0,0,6,0,1,0,1,0,0,0,1,0,1,0,0,0,4.1727,0.0,0.7609,0,0,0,0,0,1,0,0,https://www.cisco.com/c/en/us/products?lang=en
47,17,14,2,1,0,4,0,1,0,1,0,0,0,1,0,1,0,1,1,4.3128,0.0,0.7872,0,0,0,0,0,1,0,0,https://www.microsoft.com/en-us/windows?lang=en
59,37,15,3,3,0,3,0,0,0,0,0,0,0,0,1,2,0,1,5,4.2003,0.0,0.8305,0,0,0,0,0,0,0,1,http://www.login.microsoft-support-alert.com/password-reset
47,28,12,2,2,0,4,0,0,0,0,0,0,0,0,1,1,0,1,4,4.3232,0.0,0.8085,1,0,0,0,0,0,0,1,http://www.secure-login-update.info/bank/signin
52,38,7,4,2,0,3,0,0,0,0,0,0,0,0,1,3,0,1,4,4.2179,0.0,0.8077,1,0,0,0,0,0,0,1,http://login-support.amazon.tk.evil-domain.tk/signin
52,12,11,3,1,1,4,0,1,0,1,1,0,0,1,0,1,0,0,0,4.421,0.0192,0.7308,0,0,0,0,0,1,0,0,https://www.ebay.com/sch/i.html?_nkw=phone#section-9
36,18,0,2,1,0,2,0,0,0,0,1,0,0,1,0,1,0,0,0,4.1762,0.0278,0.7778,0,0,0,0,0,0,0,0,https://www.salesforce.com#section-2
47,15,25,5,1,0,4,0,0,0,0,8,0,0,0,1,4,0,1,3,4.2702,0.1702,0.5957,1,0,0,0,1,0,0,1,http://www.192.168.1.1/login/account-update.php
26,18,0,2,0,0,2,0,0,0,0,0,0,0,1,0,1,0,0,0,3.8731,0.0,0.8077,0,0,0,0,0,0,0,0,https://www.salesforce.com
28,13,7,2,0,0,3,0,0,0,0,0,0,0,1,0,1,0,1,1,3.8249,0.0,0.7857,0,0,0,0,0,0,0,0,https://www.apple.com/iphone
37,15,6,2,0,0,3,0,1,0,1,0,0,0,1,0,1,0,1,1,4.3374,0.0,0.7838,0,0,0,0,0,1,0,0,https://www.dropbox.com/login?lang=en
57,20,30,1,2,0,3,0,0,1,1,4,0,0,0,1,0,0,1,2,4.5086,0.0702,0.7719,1,0,0,0,0,0,0,1,http://facebook-security.cf/confirm-identity&session=3290
54,19,6,1,2,0,3,0,1,0,1,0,0,0,0,1,0,0,1,1,4.2168,0.0,0.8333,1,0,0,0,0,1,0,1,http://steam-free-items.gq/login?redirect=steampowered
54,30,7,3,1,0,3,0,1,0,1,6,0,0,0,1,2,0,1,2,4.6042,0.1111,0.7037,1,0,0,0,0,1,0,1,http://paypal.com.malicious-domain.ru/wallet?id=324597
34,12,6,2,1,0,3,0,1,0,1,0,0,0,1,0,1,0,0,0,4.2117,0.0,0.7353,0,0,0,0,0,1,0,0,https://www.dell.com/en-us?lang=en
34,10,16,3,1,0,4,0,0,0,0,0,0,0,1,0,1,0,0,0,3.8222,0.0,0.7353,0,0,0,0,0,0,0,0,https://www.hp.com/us-en/home.html
37,16,5,2,0,0,3,0,1,0,1,0,0,0,1,0,1,0,0,0,4.2497,0.0,0.7838,0,0,0,0,0,1,0,0,https://www.linkedin.com/feed?lang=en
32,16,8,2,0,0,4,0,0,0,0,2,0,0,1,0,1,0,1,1,4.0778,0.0625,0.7188,0,0,0,0,0,0,0,0,https://www.facebook.com/page/49
54,19,6,1,2,0,3,0,1,0,1,0,0,0,0,1,0,0,1,1,4.2168,0.0,0.8333,1,0,0,0,0,1,0,1,http://steam-free-items.gq/login?redirect=steampowered
34,12,6,2,1,0,3,0,1,0,1,0,0,0,1,0,1,0,0,0,4.2117,0.0,0.7353,0,0,0,0,0,1,0,0,https://www.dell.com/en-us?lang=en
41,14,9,2,1,0,4,0,0,0,0,1,0,0,1,0,1,0,0,0,4.0435,0.0244,0.7561,0,0,0,0,0,0,0,0,https://www.reddit.com/r/netsec#section-7
24,6,11,1,0,0,3,0,0,0,0,2,0,0,0,1,0,1,0,0,3.9073,0.0833,0.7083,1,0,0,0,0,0,0,1,http://bit.ly/3xPhish1ng
54,30,7,3,1,0,3,0,1,0,1,6,0,0,0,1,2,0,1,2,4.5671,0.1111,0.7037,1,0,0,0,0,1,0,1,http://paypal.com.malicious-domain.ru/wallet?id=619389
36,18,0,2,1,0,2,0,0,0,0,1,0,0,1,0,1,0,0,0,4.1762,0.0278,0.7778,0,0,0,0,0,0,0,0,https://www.salesforce.com#section-5
57,20,30,1,2,0,3,0,0,1,1,4,0,0,0,1,0,0,1,2,4.5086,0.0702,0.7719,1,0,0,0,0,0,0,1,http://facebook-security.cf/confirm-identity&session=4986
58,24,27,1,2,0,4,0,0,1,1,4,0,0,0,1,0,0,1,4,4.5628,0.069,0.7586,1,0,0,0,0,0,0,1,http://google-account-locked.tk/signin/verify&session=4681
42,27,8,2,2,0,3,0,0,0,0,0,0,0,0,1,1,0,1,3,4.2252,0.0,0.8095,1,0,0,0,0,0,0,1,http://www.twitter-login-verify.ml/account
36,18,0,2,1,0,2,0,0,0,0,1,0,0,1,0,1,0,0,0,4.3638,0.0278,0.7778,0,0,0,0,0,0,0,0,https://www.cloudflare.com#section-1
55,31,7,2,2,0,3,0,1,0,1,6,0,0,0,1,1,0,1,1,4.6218,0.1091,0.7091,0,0,0,0,0,1,0,1,http://www-paypal-com.phishingsite.com/webscr?id=578975
35,14,13,2,0,0,5,0,0,0,0,2,0,0,1,0,1,0,0,0,4.0903,0.0571,0.7143,0,0,0,0,0,0,0,0,https://www.oracle.com/java/page/23
33,14,0,2,1,0,2,0,0,0,0,2,0,0,1,0,1,0,1,1,4.1502,0.0606,0.7273,0,0,0,0,0,0,0,0,https://www.google.com#section-10
64,40,7,4,2,0,3,0,1,0,1,6,0,0,0,1,3,0,1,4,4.5992,0.0938,0.7188,0,0,0,0,0,1,0,1,http://login-support.amazon.com.evil-domain.com/signin?id=761820
36,13,15,2,0,0,5,0,0,0,0,2,0,0,1,0,1,0,1,1,3.983,0.0556,0.7222,0,0,0,0,0,0,0,0,https://www.apple.com/iphone/page/36
46,17,21,2,1,0,6,0,0,0,0,1,0,0,1,0,1,0,1,1,4.1785,0.0217,0.7609,0,0,0,0,0,0,0,0,https://www.microsoft.com/en-us/windows/page/8
36,15,14,4,0,0,4,0,0,0,0,8,0,0,0,1,4,0,1,2,4.2947,0.2222,0.5278,1,0,0,0,0,0,0,1,http://www.12.34.56.78/login/banking
63,13,32,3,1,0,7,0,0,0,0,1,0,0,1,0,1,0,0,0,4.0772,0.0159,0.7778,0,0,0,0,0,0,0,0,https://www.intel.com/content/www/us/en/homepage.html#section-2
33,11,6,2,0,0,3,0,1,0,1,0,0,0,1,0,1,0,0,0,4.332,0.0,0.7576,0,0,0,0,0,1,0,0,https://www.ibm.com/cloud?lang=en
51,32,12,3,2,0,4,0,0,0,0,0,0,0,0,1,2,0,1,4,4.2727,0.0,0.8039,1,0,0,0,0,0,0,1,http://www.www.secure-login-update.info/bank/signin
36,12,6,2,2,0,3,0,0,0,0,1,0,0,1,0,1,0,0,0,4.1762,0.0278,0.7222,0,0,0,0,0,0,0,0,https://www.dell.com/en-us#section-4
51,28,16,2,2,0,4,0,0,0,0,0,0,0,0,1,1,0,1,4,4.42,0.0,0.8235,1,0,0,0,0,0,0,1,http://www.update-your-password.xyz/microsoft/login
57,28,12,2,2,0,4,0,1,0,1,6,0,0,0,1,1,0,1,4,4.684,0.1053,0.7018,1,0,0,0,0,1,0,1,http://www.secure-login-update.info/bank/signin?id=507524
57,28,12,2,2,0,4,0,1,0,1,6,0,0,0,1,1,0,1,4,4.6357,0.1053,0.7018,1,0,0,0,0,1,0,1,http://www.secure-login-update.info/bank/signin?id=194511
54,32,15,2,3,0,3,0,0,0,0,0,0,0,0,1,1,0,1,5,4.1882,0.0,0.8333,1,0,0,0,0,0,0,1,http://login.microsoft-support-alert.cf/password-reset
36,13,7,2,0,0,3,0,1,0,1,0,0,0,1,0,1,0,1,1,4.086,0.0,0.7778,0,0,0,0,0,1,0,0,https://www.apple.com/iphone?lang=en
51,21,23,2,1,0,3,0,0,1,1,4,0,0,0,1,0,0,1,3,4.5228,0.0784,0.7451,1,0,0,0,0,0,0,1,http://credential-verify.win/login.php&session=8700
38,14,8,2,0,0,4,0,1,0,1,0,0,0,1,0,1,0,1,1,4.1883,0.0,0.7632,0,0,0,0,0,1,0,0,https://www.paypal.com/us/home?lang=en
33,15,0,2,1,0,2,0,0,0,0,1,0,0,1,0,1,0,0,0,3.9077,0.0303,0.7576,0,0,0,0,0,0,0,0,https://www.twitter.com#section-2
53,27,7,2,2,0,3,0,1,0,1,1,0,0,0,1,1,0,1,3,4.5481,0.0189,0.7925,0,0,0,0,0,1,0,1,http://www.paypa1-secure-login.com/verify?user=victim
56,11,38,4,1,0,4,0,0,1,1,12,0,1,0,1,0,0,1,3,4.5526,0.2143,0.5714,1,0,0,0,0,0,0,1,http://192.168.1.1/login/account-update.php&session=9032
45,15,14,2,1,0,4,0,1,0,1,0,0,0,1,0,1,0,0,0,4.4746,0.0,0.7778,0,0,0,0,0,1,0,0,https://www.mozilla.org/en-US/firefox?lang=en
36,18,0,2,1,0,2,0,0,0,0,1,0,0,1,0,1,0,0,0,4.1762,0.0278,0.7778,0,0,0,0,0,0,0,0,https://www.salesforce.com#section-8
63,23,7,1,2,0,3,0,1,1,2,7,0,0,0,1,0,0,1,4,4.7729,0.1111,0.7143,1,0,0,0,0,2,0,1,http://apple-id-verify.support/unlock?token=abc123&session=7484
45,11,16,2,1,0,4,0,0,0,0,1,0,0,1,0,1,0,0,0,4.1526,0.0222,0.7778,0,0,0,0,0,0,0,0,https://www.bbc.com/news/technology#section-6
54,23,24,1,1,0,5,0,0,0,0,0,0,0,0,1,0,0,1,4,4.1711,0.0,0.8519,1,0,0,0,0,0,0,1,http://microsoft-alert.support/windows/security/update
31,14,9,2,0,0,4,0,0,0,0,0,0,0,1,0,1,0,0,0,3.8087,0.0,0.7742,0,0,0,0,0,0,0,0,https://www.reddit.com/r/netsec
54,23,24,1,1,0,5,0,0,0,0,0,0,0,0,1,0,0,1,4,4.1711,0.0,0.8519,1,0,0,0,0,0,0,1,http://microsoft-alert.support/windows/security/update
37,16,5,2,0,0,3,0,1,0,1,0,0,0,1,0,1,0,0,0,4.2497,0.0,0.7838,0,0,0,0,0,1,0,0,https://www.linkedin.com/feed?lang=en
53,15,6,2,1,0,3,0,1,0,1,3,0,0,1,0,1,0,0,0,4.6594,0.0566,0.7547,0,0,0,0,0,1,0,0,https://www.youtube.com/watch?v=dQw4w9WgXcQ#section-2
31,14,9,2,0,0,4,0,0,0,0,0,0,0,1,0,1,0,0,0,3.8087,0.0,0.7742,0,0,0,0,0,0,0,0,https://www.reddit.com/r/netsec
37,15,14,2,0,0,5,0,0,0,0,2,0,0,1,0,1,0,1,1,4.2603,0.0541,0.7297,0,0,0,0,0,0,0,0,https://www.dropbox.com/login/page/36
49,35,7,3,2,0,3,0,0,0,0,0,0,0,0,1,2,0,1,1,4.167,0.0,0.8163,0,0,0,0,0,0,0,1,http://www.www-paypal-com.phishingsite.com/webscr
55,31,7,2,2,0,3,0,1,0,1,6,0,0,0,1,1,0,1,1,4.5491,0.1091,0.7091,0,0,0,0,0,1,0,1,http://www-paypal-com.phishingsite.com/webscr?id=400009
34,6,11,1,0,0,3,0,1,0,1,8,0,0,0,1,0,1,0,0,4.3882,0.2353,0.5588,1,0,0,0,0,1,0,1,http://bit.ly/3xPhish1ng?id=171942
48,21,10,2,1,0,3,0,1,0,1,6,0,0,0,1,0,0,1,3,4.5978,0.125,0.6875,1,0,0,0,1,1,0,1,http://credential-verify.win/login.php?id=533914
26,15,3,2,0,0,3,0,0,0,0,0,0,0,1,0,1,0,0,0,3.7193,0.0,0.7692,0,0,0,0,0,0,0,0,https://www.samsung.com/us
37,15,14,2,1,0,4,0,0,0,0,0,0,0,1,0,1,0,0,0,4.3578,0.0,0.7838,0,0,0,0,0,0,0,0,https://www.mozilla.org/en-US/firefox
38,14,16,2,0,0,5,0,0,0,0,1,0,0,1,0,1,0,0,0,4.1658,0.0263,0.7632,0,0,0,0,0,0,0,0,https://www.github.com/trending/page/6
55,16,12,1,1,0,4,0,2,0,2,6,0,0,0,1,0,0,0,0,4.5855,0.1091,0.6909,1,0,0,0,0,1,0,1,http://dropbox-phish.tk/files/share?token=abc?id=174878
51,15,18,3,1,0,5,0,0,0,0,2,0,0,1,0,1,0,0,0,4.31,0.0392,0.7451,0,0,0,0,0,0,0,0,https://docs.python.org/3/library/re.html#section-3
46,23,16,2,2,0,3,0,0,0,0,0,0,0,0,1,1,0,1,4,4.3302,0.0,0.8261,1,0,0,0,0,0,0,1,http://www.instagram-verify.tk/account-confirm
52,12,11,3,1,1,4,0,1,0,1,1,0,0,1,0,1,0,0,0,4.421,0.0192,0.7308,0,0,0,0,0,1,0,0,https://www.ebay.com/sch/i.html?_nkw=phone#section-3
58,23,6,2,2,0,3,0,1,0,1,0,0,0,0,1,1,0,1,1,4.2535,0.0,0.8276,1,0,0,0,0,1,0,1,http://www.steam-free-items.gq/login?redirect=steampowered
44,10,16,3,2,0,4,0,0,0,0,1,0,0,1,0,1,0,0,0,4.0838,0.0227,0.7273,0,0,0,0,0,0,0,0,https://www.hp.com/us-en/home.html#section-9
47,17,22,2,0,1,4,0,0,0,0,0,0,0,1,0,1,0,0,0,4.1179,0.0,0.8298,0,0,0,0,0,0,0,0,https://www.wikipedia.org/wiki/Machine_learning
59,24,6,1,2,0,3,0,1,1,2,9,0,0,0,1,0,0,1,1,4.4964,0.1525,0.661,1,0,0,0,0,2,0,1,http://prize-winner-confirm.win/claim?id=99999&session=6129
65,33,15,2,3,0,3,0,1,0,1,6,0,0,0,1,1,0,1,5,4.5569,0.0923,0.7385,0,0,0,0,0,1,0,1,http://login.microsoft-support-alert.com/password-reset?id=952547
26,18,0,2,0,0,2,0,0,0,0,0,0,0,1,0,1,0,0,0,4.056,0.0,0.8077,0,0,0,0,0,0,0,0,https://www.cloudflare.com
48,24,17,2,2,0,4,0,0,0,0,0,0,0,0,1,1,0,1,4,4.179,0.0,0.8125,0,0,0,0,0,0,0,1,http://www.support-apple-id.com/account/validate
52,12,11,3,1,1,4,0,1,0,1,1,0,0,1,0,1,0,0,0,4.421,0.0192,0.7308,0,0,0,0,0,1,0,0,https://www.ebay.com/sch/i.html?_nkw=phone#section-6
48,27,14,2,2,0,4,0,0,0,0,0,0,0,0,1,1,0,1,4,4.2487,0.0,0.8125,1,0,0,0,0,0,0,1,http://www.confirm-your-account.ml/amazon/signin
54,19,6,1,2,0,3,0,1,0,1,0,0,0,0,1,0,0,1,1,4.2168,0.0,0.8333,1,0,0,0,0,1,0,1,http://steam-free-items.gq/login?redirect=steampowered
67,19,6,1,2,0,3,0,1,1,2,4,0,0,0,1,0,0,1,1,4.3869,0.0597,0.7761,1,0,0,0,0,2,0,1,http://steam-free-items.gq/login?redirect=steampowered&session=9889
53,22,14,2,2,0,3,0,1,0,1,6,0,0,0,1,0,0,1,3,4.6972,0.1132,0.6981,1,0,0,0,0,1,0,1,http://ebay-account-verify.ga/ebayisapi.dll?id=415779
37,15,14,2,0,0,5,0,0,0,0,2,0,0,1,0,1,0,1,1,4.2603,0.0541,0.7297,0,0,0,0,0,0,0,0,https://www.dropbox.com/login/page/38
52,38,7,4,2,0,3,0,0,0,0,0,0,0,0,1,3,0,1,4,4.1409,0.0,0.8077,1,0,0,0,0,0,0,1,http://login-support.amazon.ga.evil-domain.ga/signin
47,33,7,3,1,0,3,0,0,0,0,0,0,0,0,1,2,0,1,5,4.2137,0.0,0.8298,1,0,0,0,0,0,0,1,http://secure.paypal.account-verify.club/wallet
53,24,22,2,2,0,5,0,0,0,0,0,0,0,0,1,1,0,1,3,4.1905,0.0,0.8113,1,0,0,0,0,0,0,1,http://www.chase-bank-login.xyz/online/banking/signin
41,27,7,1,2,0,3,0,0,0,0,0,0,0,0,1,0,0,1,4,4.1715,0.0,0.8293,1,0,0,0,0,0,0,1,http://amazon-account-suspended.ml/signin
43,19,17,1,2,0,4,0,0,0,0,0,0,0,0,1,0,0,1,4,4.078,0.0,0.814,1,0,0,0,0,0,0,1,http://support-apple-id.ml/account/validate
61,13,32,3,0,0,7,0,1,0,1,0,0,0,1,0,1,0,0,0,4.0379,0.0,0.7869,0,0,0,0,0,1,0,0,https://www.intel.com/content/www/us/en/homepage.html?lang=en
24,16,0,2,0,0,2,0,0,0,0,0,0,0,1,0,1,0,1,1,3.8554,0.0,0.7917,0,0,0,0,0,0,0,0,https://www.facebook.com
43,14,2,2,1,0,3,0,1,0,1,1,0,0,1,0,1,0,1,1,4.3152,0.0233,0.7442,0,0,0,0,0,1,0,0,https://www.amazon.com/s?k=laptop#section-5
47,33,7,3,1,0,3,0,0,0,0,0,0,0,0,1,2,0,1,5,4.2137,0.0,0.8298,1,0,0,0,0,0,0,1,http://secure.paypal.account-verify.club/wallet
24,6,11,1,0,0,3,0,0,0,0,2,0,0,0,1,0,1,0,0,3.9073,0.0833,0.7083,1,0,0,0,0,0,0,1,http://bit.ly/3xPhish1ng
33,11,6,2,0,0,3,0,1,0,1,0,0,0,1,0,1,0,0,0,4.332,0.0,0.7576,0,0,0,0,0,1,0,0,https://www.ibm.com/cloud?lang=en
50,23,7,1,2,0,3,0,1,0,1,3,0,0,0,1,0,0,1,4,4.6064,0.06,0.76,1,0,0,0,0,1,0,1,http://apple-id-verify.support/unlock?token=abc123
43,15,6,2,0,0,3,0,1,0,1,2,0,0,1,0,1,0,0,0,4.4258,0.0465,0.7674,0,0,0,0,0,1,0,0,https://www.youtube.com/watch?v=dQw4w9WgXcQ
47,24,6,1,2,0,3,0,1,0,1,6,0,0,0,1,0,0,1,4,4.6393,0.1277,0.6809,1,0,0,0,0,1,0,1,http://secure-banking-update.tk/login?id=925206
53,13,24,3,0,0,4,0,1,0,1,0,0,0,1,0,1,0,0,0,4.2301,0.0,0.8113,0,0,0,0,0,1,0,0,https://www.adobe.com/products/photoshop.html?lang=en
34,15,3,2,0,0,3,0,1,0,1,0,0,0,1,0,1,0,0,0,4.0797,0.0,0.7647,0,0,0,0,0,1,0,0,https://www.samsung.com/us?lang=en
58,27,24,2,1,0,5,0,0,0,0,0,0,0,0,1,1,0,1,4,4.1832,0.0,0.8448,1,0,0,0,0,0,0,1,http://www.microsoft-alert.support/windows/security/update
49,20,22,1,2,0,5,0,0,0,0,0,0,0,0,1,0,0,1,3,4.0896,0.0,0.8163,1,0,0,0,0,0,0,1,http://chase-bank-login.xyz/online/banking/signin
38,13,17,2,0,0,6,0,0,0,0,0,0,0,1,0,1,0,0,0,3.7905,0.0,0.7632,0,0,0,0,0,0,0,0,https://www.cisco.com/c/en/us/products
57,20,30,1,2,0,3,0,0,1,1,4,0,0,0,1,0,0,1,2,4.5086,0.0702,0.7719,1,0,0,0,0,0,0,1,http://facebook-security.cf/confirm-identity&session=2479
53,27,7,2,2,0,3,0,1,0,1,1,0,0,0,1,1,0,1,3,4.5481,0.0189,0.7925,0,0,0,0,0,1,0,1,http://www.paypa1-secure-login.com/verify?user=victim
47,26,14,3,2,0,3,0,0,0,0,0,0,0,0,1,1,0,1,3,4.3866,0.0,0.8085,1,0,0,0,0,0,0,1,http://www.ebay-account-verify.ga/ebayisapi.dll
38,23,8,1,2,0,3,0,0,0,0,0,0,0,0,1,0,0,1,3,4.2211,0.0,0.8158,1,0,0,0,0,0,0,1,http://twitter-login-verify.ml/account
38,13,17,2,0,0,6,0,0,0,0,0,0,0,1,0,1,0,0,0,3.7905,0.0,0.7632,0,0,0,0,0,0,0,0,https://www.cisco.com/c/en/us/products
48,27,14,2,2,0,4,0,0,0,0,0,0,0,0,1,1,0,1,4,4.2487,0.0,0.8125,1,0,0,0,0,0,0,1,http://www.confirm-your-account.ml/amazon/signin
58,27,24,2,1,0,5,0,0,0,0,0,0,0,0,1,1,0,1,4,4.1832,0.0,0.8448,1,0,0,0,0,0,0,1,http://www.microsoft-alert.support/windows/security/update
48,13,17,2,1,0,6,0,0,0,0,1,0,0,1,0,1,0,0,0,4.0145,0.0208,0.75,0,0,0,0,0,0,0,0,https://www.cisco.com/c/en/us/products#section-4
29,14,7,2,0,0,4,0,0,0,0,1,0,0,1,0,1,0,1,1,3.8144,0.0345,0.7241,0,0,0,0,0,0,0,0,https://www.google.com/page/3
53,15,6,2,1,0,3,0,1,0,1,3,0,0,1,0,1,0,0,0,4.6594,0.0566,0.7547,0,0,0,0,0,1,0,0,https://www.youtube.com/watch?v=dQw4w9WgXcQ#section-1
48,13,17,2,1,0,6,0,0,0,0,1,0,0,1,0,1,0,0,0,4.0145,0.0208,0.75,0,0,0,0,0,0,0,0,https://www.cisco.com/c/en/us/products#section-1
24,16,0,2,0,0,2,0,0,0,0,0,0,0,1,0,1,0,1,1,3.8554,0.0,0.7917,0,0,0,0,0,0,0,0,https://www.facebook.com
33,17,0,2,0,0,2,0,1,0,1,0,0,0,1,0,1,0,1,1,4.165,0.0,0.7879,0,0,0,0,0,1,0,0,https://www.instagram.com?lang=en
31,14,9,2,0,0,4,0,0,0,0,0,0,0,1,0,1,0,0,0,3.8087,0.0,0.7742,0,0,0,0,0,0,0,0,https://www.reddit.com/r/netsec
43,29,7,3,1,0,3,0,0,0,0,0,0,0,0,1,2,0,1,2,4.2023,0.0,0.814,1,0,0,0,0,0,0,1,http://paypal.tk.malicious-domain.ru/wallet
47,17,14,2,1,0,4,0,1,0,1,0,0,0,1,0,1,0,1,1,4.3128,0.0,0.7872,0,0,0,0,0,1,0,0,https://www.microsoft.com/en-us/windows?lang=en
41,28,6,2,2,0,3,0,0,0,0,0,0,0,0,1,1,0,1,4,4.3083,0.0,0.8049,1,0,0,0,0,0,0,1,http://www.secure-banking-update.tk/login
67,19,6,1,2,0,3,0,1,1,2,4,0,0,0,1,0,0,1,1,4.4168,0.0597,0.7761,1,0,0,0,0,2,0,1,http://steam-free-items.gq/login?redirect=steampowered&session=7731
55,24,14,1,2,0,4,0,1,0,1,6,0,0,0,1,0,0,1,4,4.6719,0.1091,0.7091,1,0,0,0,0,1,0,1,http://google-account-locked.tk/signin/verify?id=514463
41,14,2,2,0,0,5,0,1,0,1,2,0,0,1,0,1,0,1,1,4.1899,0.0488,0.7073,0,0,0,0,0,1,0,0,https://www.amazon.com/s?k=laptop/page/31
45,16,12,1,1,0,4,0,1,0,1,0,0,0,0,1,0,0,0,0,4.3136,0.0,0.8,1,0,0,0,0,1,0,1,http://dropbox-phish.tk/files/share?token=abc
34,18,0,2,0,0,2,0,1,0,1,0,0,0,1,0,1,0,0,0,4.3372,0.0,0.7941,0,0,0,0,0,1,0,0,https://www.cloudflare.com?lang=en
49,20,22,1,2,0,5,0,0,0,0,0,0,0,0,1,0,0,1,3,4.0896,0.0,0.8163,1,0,0,0,0,0,0,1,http://chase-bank-login.xyz/online/banking/signin
41,15,18,3,0,0,5,0,0,0,0,1,0,0,1,0,1,0,0,0,4.1411,0.0244,0.7561,0,0,0,0,0,0,0,0,https://docs.python.org/3/library/re.html
67,40,20,4,2,0,3,0,0,1,1,4,0,0,0,1,3,0,1,4,4.4347,0.0597,0.7612,0,0,0,0,0,0,0,1,http://login-support.amazon.com.evil-domain.com/signin&session=7338
43,11,24,2,0,0,6,0,0,0,0,2,0,0,1,0,1,0,0,0,4.1116,0.0465,0.7442,0,0,0,0,0,0,0,0,https://www.bbc.com/news/technology/page/18
51,24,20,2,1,0,3,0,0,1,1,4,0,0,0,1,1,0,1,4,4.3512,0.0784,0.7451,1,0,0,0,0,0,0,1,http://secure.update-account.ga/signin&session=7495
32,16,8,2,0,0,4,0,0,0,0,2,0,0,1,0,1,0,1,1,4.0778,0.0625,0.7188,0,0,0,0,0,0,0,0,https://www.facebook.com/page/47
35,11,16,2,0,0,4,0,0,0,0,0,0,0,1,0,1,0,0,0,3.9217,0.0,0.8,0,0,0,0,0,0,0,0,https://www.bbc.com/news/technology
55,19,29,1,2,0,3,0,0,1,1,4,0,0,0,1,0,0,1,4,4.5562,0.0727,0.7636,1,0,0,0,0,0,0,1,http://instagram-verify.tk/account-confirm&session=9017
32,14,0,2,1,0,2,0,0,0,0,1,0,0,1,0,1,0,1,1,4.0778,0.0312,0.75,0,0,0,0,0,0,0,0,https://www.google.com#section-3
58,23,6,2,2,0,3,0,1,0,1,0,0,0,0,1,1,0,1,1,4.2535,0.0,0.8276,1,0,0,0,0,1,0,1,http://www.steam-free-items.gq/login?redirect=steampowered
51,27,7,1,2,0,3,0,1,0,1,6,0,0,0,1,0,0,1,4,4.5176,0.1176,0.7059,1,0,0,0,0,1,0,1,http://amazon-account-suspended.ml/signin?id=997594
67,40,20,4,2,0,3,0,0,1,1,4,0,0,0,1,3,0,1,4,4.4347,0.0597,0.7612,0,0,0,0,0,0,0,1,http://login-support.amazon.com.evil-domain.com/signin&session=6400
58,27,24,2,1,0,5,0,0,0,0,0,0,0,0,1,1,0,1,4,4.1832,0.0,0.8448,1,0,0,0,0,0,0,1,http://www.microsoft-alert.support/windows/security/update
49,23,7,1,2,0,3,0,1,0,1,1,0,0,0,1,0,0,1,3,4.5581,0.0204,0.7959,1,0,0,0,0,1,0,1,http://paypa1-secure-login.xyz/verify?user=victim
54,27,20,1,2,0,3,0,0,1,1,4,0,0,0,1,0,0,1,4,4.4299,0.0741,0.7593,1,0,0,0,0,0,0,1,http://amazon-account-suspended.ml/signin&session=1932
44,30,7,2,2,0,3,0,0,0,0,0,0,0,0,1,1,0,1,1,4.2544,0.0,0.8182,1,0,0,0,0,0,0,1,http://www-paypal-com.phishingsite.tk/webscr
44,10,16,3,2,0,4,0,0,0,0,1,0,0,1,0,1,0,0,0,4.0838,0.0227,0.7273,0,0,0,0,0,0,0,0,https://www.hp.com/us-en/home.html#section-4
43,22,14,2,2,0,3,0,0,0,0,0,0,0,0,1,0,0,1,3,4.3243,0.0,0.814,1,0,0,0,0,0,0,1,http://ebay-account-verify.ga/ebayisapi.dll
25,17,0,2,0,0,2,0,0,0,0,0,0,0,1,0,1,0,1,1,3.8635,0.0,0.8,0,0,0,0,0,0,0,0,https://www.instagram.com
36,13,7,2,0,0,3,0,1,0,1,0,0,0,1,0,1,0,1,1,4.086,0.0,0.7778,0,0,0,0,0,1,0,0,https://www.apple.com/iphone?lang=en
41,14,9,2,1,0,3,0,0,0,0,1,0,0,1,0,1,0,0,0,4.269,0.0244,0.7805,0,0,0,0,0,0,0,0,https://www.github.com/trending#section-7
26,12,6,2,1,0,3,0,0,0,0,0,0,0,1,0,1,0,0,0,3.9501,0.0,0.7308,0,0,0,0,0,0,0,0,https://www.dell.com/en-us
55,13,24,3,1,0,4,0,0,0,0,1,0,0,1,0,1,0,0,0,4.1918,0.0182,0.8,0,0,0,0,0,0,0,0,https://www.adobe.com/products/photoshop.html#section-8
53,22,14,2,2,0,3,0,1,0,1,6,0,0,0,1,0,0,1,3,4.6075,0.1132,0.6981,1,0,0,0,0,1,0,1,http://ebay-account-verify.ga/ebayisapi.dll?id=166165
29,16,5,2,0,0,3,0,0,0,0,0,0,0,1,0,1,0,0,0,4.0213,0.0,0.7931,0,0,0,0,0,0,0,0,https://www.linkedin.com/feed
55,17,30,2,0,1,6,0,0,0,0,2,0,0,1,0,1,0,0,0,4.1989,0.0364,0.7818,0,0,0,0,0,0,0,0,https://www.wikipedia.org/wiki/Machine_learning/page/25
35,17,0,2,1,0,2,0,0,0,0,1,0,0,1,0,1,0,1,1,4.1719,0.0286,0.7714,0,0,0,0,0,0,0,0,https://www.instagram.com#section-5
34,18,8,2,0,0,4,0,0,0,0,2,0,0,1,0,1,0,0,0,4.0797,0.0588,0.7353,0,0,0,0,0,0,0,0,https://www.salesforce.com/page/17
54,27,7,2,2,0,3,0,1,0,1,3,0,0,0,1,1,0,1,4,4.6692,0.0556,0.7593,1,0,0,0,0,1,0,1,http://www.apple-id-verify.support/unlock?token=abc123
67,40,20,4,2,0,3,0,0,1,1,4,0,0,0,1,3,0,1,4,4.4347,0.0597,0.7612,0,0,0,0,0,0,0,1,http://login-support.amazon.com.evil-domain.com/signin&session=5332
33,17,0,2,0,0,2,0,1,0,1,0,0,0,1,0,1,0,1,1,4.165,0.0,0.7879,0,0,0,0,0,1,0,0,https://www.instagram.com?lang=en
32,11,14,3,0,0,4,0,0,0,0,8,0,1,0,1,0,0,1,2,4.2653,0.25,0.5,1,0,0,0,0,0,0,1,http://12.34.56.78/login/banking
30,14,8,2,0,0,4,0,0,0,0,0,0,0,1,0,1,0,1,1,3.8566,0.0,0.7667,0,0,0,0,0,0,0,0,https://www.paypal.com/us/home
59,24,6,1,2,0,3,0,1,1,2,9,0,0,0,1,0,0,1,1,4.4964,0.1525,0.661,1,0,0,0,0,2,0,1,http://prize-winner-confirm.win/claim?id=99999&session=8679
54,23,14,1,2,0,4,0,1,0,1,6,0,0,0,1,0,0,1,4,4.5581,0.1111,0.7037,1,0,0,0,0,1,0,1,http://confirm-your-account.ml/amazon/signin?id=913934
37,14,15,2,0,0,6,0,0,0,0,1,0,0,1,0,1,0,1,1,3.9387,0.027,0.7297,0,0,0,0,0,0,0,0,https://www.paypal.com/us/home/page/4
46,13,25,2,0,0,8,0,0,0,0,2,0,0,1,0,1,0,0,0,4.0316,0.0435,0.7174,0,0,0,0,0,0,0,0,https://www.cisco.com/c/en/us/products/page/23
51,15,6,2,0,0,3,0,2,0,2,2,0,0,1,0,1,0,0,0,4.5936,0.0392,0.7647,0,0,0,0,0,1,0,0,https://www.youtube.com/watch?v=dQw4w9WgXcQ?lang=en
45,16,12,1,1,0,4,0,1,0,1,0,0,0,0,1,0,0,0,0,4.3136,0.0,0.8,1,0,0,0,0,1,0,1,http://dropbox-phish.tk/files/share?token=abc
47,26,14,3,2,0,3,0,0,0,0,0,0,0,0,1,1,0,1,3,4.3866,0.0,0.8085,1,0,0,0,0,0,0,1,http://www.ebay-account-verify.ga/ebayisapi.dll
57,33,7,3,1,0,3,0,1,0,1,6,0,0,0,1,2,0,1,5,4.6571,0.1053,0.7193,1,0,0,0,0,1,0,1,http://secure.paypal.account-verify.club/wallet?id=140163
58,27,24,2,1,0,5,0,0,0,0,0,0,0,0,1,1,0,1,4,4.1832,0.0,0.8448,1,0,0,0,0,0,0,1,http://www.microsoft-alert.support/windows/security/update
54,32,15,2,3,0,3,0,0,0,0,0,0,0,0,1,1,0,1,5,4.1855,0.0,0.8333,1,0,0,0,0,0,0,1,http://login.microsoft-support-alert.tk/password-reset
26,18,0,2,0,0,2,0,0,0,0,0,0,0,1,0,1,0,0,0,3.8731,0.0,0.8077,0,0,0,0,0,0,0,0,https://www.salesforce.com
55,17,30,2,0,1,6,0,0,0,0,2,0,0,1,0,1,0,0,0,4.1989,0.0364,0.7818,0,0,0,0,0,0,0,0,https://www.wikipedia.org/wiki/Machine_learning/page/41
37,15,6,2,0,0,3,0,1,0,1,0,0,0,1,0,1,0,1,1,4.3374,0.0,0.7838,0,0,0,0,0,1,0,0,https://www.dropbox.com/login?lang=en
57,17,24,1,0,0,5,0,1,0,1,0,0,0,1,0,0,0,0,0,4.4252,0.0,0.8421,0,0,0,0,0,1,0,0,https://stackoverflow.com/questions/tagged/python?lang=en
42,10,16,3,1,0,4,0,1,0,1,0,0,0,1,0,1,0,0,0,4.1416,0.0,0.7381,0,0,0,0,0,1,0,0,https://www.hp.com/us-en/home.html?lang=en
62,20,35,1,2,0,5,0,0,1,1,4,0,0,0,1,0,0,1,3,4.3368,0.0645,0.7581,1,0,0,0,0,0,0,1,http://chase-bank-login.xyz/online/banking/signin&session=6383
37,15,14,2,0,0,5,0,0,0,0,2,0,0,1,0,1,0,1,1,4.2062,0.0541,0.7297,0,0,0,0,0,0,0,0,https://www.dropbox.com/login/page/44
37,12,6,2,2,0,3,0,0,0,0,2,0,0,1,0,1,0,0,0,4.2426,0.0541,0.7027,0,0,0,0,0,0,0,0,https://www.dell.com/en-us#section-10
54,27,20,1,2,0,3,0,0,1,1,4,0,0,0,1,0,0,1,4,4.4299,0.0741,0.7593,1,0,0,0,0,0,0,1,http://amazon-account-suspended.ml/signin&session=4750
48,27,14,2,2,0,4,0,0,0,0,0,0,0,0,1,1,0,1,4,4.2487,0.0,0.8125,1,0,0,0,0,0,0,1,http://www.confirm-your-account.ml/amazon/signin
67,40,20,4,2,0,3,0,0,1,1,4,0,0,0,1,3,0,1,4,4.4646,0.0597,0.7612,0,0,0,0,0,0,0,1,http://login-support.amazon.com.evil-domain.com/signin&session=4073
59,37,15,3,3,0,3,0,0,0,0,0,0,0,0,1,2,0,1,5,4.2003,0.0,0.8305,0,0,0,0,0,0,0,1,http://www.login.microsoft-support-alert.com/password-reset
59,37,15,3,3,0,3,0,0,0,0,0,0,0,0,1,2,0,1,5,4.2003,0.0,0.8305,0,0,0,0,0,0,0,1,http://www.login.microsoft-support-alert.com/password-reset
38,15,7,2,0,0,3,0,1,0,1,0,0,0,1,0,1,0,1,1,4.3264,0.0,0.7895,0,0,0,0,0,1,0,0,https://www.netflix.com/browse?lang=en
57,33,7,3,1,0,3,0,1,0,1,6,0,0,0,1,2,0,1,5,4.622,0.1053,0.7193,1,0,0,0,0,1,0,1,http://secure.paypal.account-verify.club/wallet?id=659951
38,15,15,2,0,0,5,0,0,0,0,2,0,0,1,0,1,0,1,1,4.2711,0.0526,0.7368,0,0,0,0,0,0,0,0,https://www.netflix.com/browse/page/36
67,19,6,1,2,0,3,0,1,1,2,4,0,0,0,1,0,0,1,1,4.4466,0.0597,0.7761,1,0,0,0,0,2,0,1,http://steam-free-items.gq/login?redirect=steampowered&session=8147
53,15,6,2,1,0,3,0,1,0,1,3,0,0,1,0,1,0,0,0,4.6217,0.0566,0.7547,0,0,0,0,0,1,0,0,https://www.youtube.com/watch?v=dQw4w9WgXcQ#section-4
34,18,0,2,0,0,2,0,1,0,1,0,0,0,1,0,1,0,0,0,4.3372,0.0,0.7941,0,0,0,0,0,1,0,0,https://www.cloudflare.com?lang=en
45,31,7,2,2,0,3,0,0,0,0,0,0,0,0,1,1,0,1,4,4.2611,0.0,0.8222,1,0,0,0,0,0,0,1,http://www.amazon-account-suspended.ml/signin
58,44,7,5,2,0,3,0,0,0,0,0,0,0,0,1,4,0,1,4,4.2698,0.0,0.8103,0,0,0,0,0,0,0,1,http://www.login-support.amazon.com.evil-domain.com/signin
41,27,7,1,2,0,3,0,0,0,0,0,0,0,0,1,0,0,1,4,4.1715,0.0,0.8293,1,0,0,0,0,0,0,1,http://amazon-account-suspended.ml/signin
31,14,9,2,0,0,3,0,0,0,0,0,0,0,1,0,1,0,0,0,4.0668,0.0,0.8065,0,0,0,0,0,0,0,0,https://www.github.com/trending
51,28,16,2,2,0,4,0,0,0,0,0,0,0,0,1,1,0,1,4,4.42,0.0,0.8235,1,0,0,0,0,0,0,1,http://www.update-your-password.xyz/microsoft/login
43,11,16,2,0,0,4,0,1,0,1,0,0,0,1,0,1,0,0,0,4.1467,0.0,0.7907,0,0,0,0,0,1,0,0,https://www.bbc.com/news/technology?lang=en
55,19,29,1,2,0,3,0,0,1,1,4,0,0,0,1,0,0,1,4,4.5562,0.0727,0.7636,1,0,0,0,0,0,0,1,http://instagram-verify.tk/account-confirm&session=6517
47,33,7,3,1,0,3,0,0,0,0,0,0,0,0,1,2,0,1,5,4.2137,0.0,0.8298,1,0,0,0,0,0,0,1,http://secure.paypal.account-verify.club/wallet
43,15,6,2,0,0,3,0,1,0,1,2,0,0,1,0,1,0,0,0,4.4258,0.0465,0.7674,0,0,0,0,0,1,0,0,https://www.youtube.com/watch?v=dQw4w9WgXcQ
64,19,6,1,2,0,3,0,2,0,2,6,0,0,0,1,0,0,1,1,4.5147,0.0938,0.7344,1,0,0,0,0,1,0,1,http://steam-free-items.gq/login?redirect=steampowered?id=744986
65,23,35,2,2,0,4,0,0,1,1,4,0,0,0,1,0,0,1,1,4.6109,0.0615,0.7692,1,0,0,0,0,0,0,1,http://fake-antivirus-alert.ml/download/security.exe&session=7397
36,18,0,2,1,0,2,0,0,0,0,1,0,0,1,0,1,0,0,0,4.1762,0.0278,0.7778,0,0,0,0,0,0,0,0,https://www.salesforce.com#section-1
59,37,15,3,3,0,3,0,0,0,0,0,0,0,0,1,2,0,1,5,4.2003,0.0,0.8305,0,0,0,0,0,0,0,1,http://www.login.microsoft-support-alert.com/password-reset
57,17,24,1,0,0,5,0,1,0,1,0,0,0,1,0,0,0,0,0,4.4252,0.0,0.8421,0,0,0,0,0,1,0,0,https://stackoverflow.com/questions/tagged/python?lang=en
47,24,16,1,2,0,4,0,0,0,0,0,0,0,0,1,0,0,1,4,4.4083,0.0,0.8298,1,0,0,0,0,0,0,1,http://update-your-password.xyz/microsoft/login
45,13,24,3,0,0,4,0,0,0,0,0,0,0,1,0,1,0,0,0,3.9055,0.0,0.8222,0,0,0,0,0,0,0,0,https://www.adobe.com/products/photoshop.html
57,24,16,1,2,0,4,0,1,0,1,6,0,0,0,1,0,0,1,4,4.756,0.1053,0.7193,1,0,0,0,0,1,0,1,http://update-your-password.xyz/microsoft/login?id=262471
68,33,28,2,3,0,3,0,0,1,1,4,0,0,0,1,1,0,1,5,4.3958,0.0588,0.7794,0,0,0,0,0,0,0,1,http://login.microsoft-support-alert.com/password-reset&session=5415
33,17,8,2,0,0,4,0,0,0,0,2,0,0,1,0,1,0,1,1,4.0667,0.0606,0.7273,0,0,0,0,0,0,0,0,https://www.instagram.com/page/27
47,24,16,1,2,0,4,0,0,0,0,0,0,0,0,1,0,0,1,4,4.4083,0.0,0.8298,1,0,0,0,0,0,0,1,http://update-your-password.xyz/microsoft/login
41,14,9,2,1,0,3,0,0,0,0,1,0,0,1,0,1,0,0,0,4.269,0.0244,0.7805,0,0,0,0,0,0,0,0,https://www.github.com/trending#section-8
44,23,14,1,2,0,4,0,0,0,0,0,0,0,0,1,0,0,1,4,4.1552,0.0,0.8182,1,0,0,0,0,0,0,1,http://confirm-your-account.ml/amazon/signin
55,17,22,2,0,1,4,0,1,0,1,0,0,0,1,0,1,0,0,0,4.2245,0.0,0.8182,0,0,0,0,0,1,0,0,https://www.wikipedia.org/wiki/Machine_learning?lang=en
39,14,9,2,0,0,3,0,1,0,1,0,0,0,1,0,1,0,0,0,4.3043,0.0,0.7949,0,0,0,0,0,1,0,0,https://www.github.com/trending?lang=en
34,18,0,2,0,0,2,0,1,0,1,0,0,0,1,0,1,0,0,0,4.3372,0.0,0.7941,0,0,0,0,0,1,0,0,https://www.cloudflare.com?lang=en
51,21,23,2,1,0,3,0,0,1,1,4,0,0,0,1,0,0,1,3,4.562,0.0784,0.7451,1,0,0,0,0,0,0,1,http://credential-verify.win/login.php&session=2816
31,16,7,2,0,0,4,0,0,0,0,1,0,0,1,0,1,0,1,1,4.0023,0.0323,0.7419,0,0,0,0,0,0,0,0,https://www.facebook.com/page/5
57,17,22,2,1,1,4,0,0,0,0,1,0,0,1,0,1,0,0,0,4.3045,0.0175,0.807,0,0,0,0,0,0,0,0,https://www.wikipedia.org/wiki/Machine_learning#section-8
55,17,22,2,0,1,4,0,1,0,1,0,0,0,1,0,1,0,0,0,4.2245,0.0,0.8182,0,0,0,0,0,1,0,0,https://www.wikipedia.org/wiki/Machine_learning?lang=en
35,11,6,2,1,0,3,0,0,0,0,1,0,0,1,0,1,0,0,0,4.2214,0.0286,0.7429,0,0,0,0,0,0,0,0,https://www.ibm.com/cloud#section-2
57,24,16,1,2,0,4,0,1,0,1,6,0,0,0,1,0,0,1,4,4.7209,0.1053,0.7193,1,0,0,0,0,1,0,1,http://update-your-password.xyz/microsoft/login?id=402099
54,23,24,1,1,0,5,0,0,0,0,0,0,0,0,1,0,0,1,4,4.1711,0.0,0.8519,1,0,0,0,0,0,0,1,http://microsoft-alert.support/windows/security/update
37,16,5,2,0,0,3,0,1,0,1,0,0,0,1,0,1,0,0,0,4.2497,0.0,0.7838,0,0,0,0,0,1,0,0,https://www.linkedin.com/feed?lang=en
36,18,0,2,1,0,2,0,0,0,0,1,0,0,1,0,1,0,0,0,4.1762,0.0278,0.7778,0,0,0,0,0,0,0,0,https://www.salesforce.com#section-7
28,13,7,2,0,0,3,0,0,0,0,0,0,0,1,0,1,0,1,1,3.8249,0.0,0.7857,0,0,0,0,0,0,0,0,https://www.apple.com/iphone
38,14,16,2,0,0,6,0,0,0,0,2,0,0,1,0,1,0,1,1,3.9579,0.0526,0.7105,0,0,0,0,0,0,0,0,https://www.paypal.com/us/home/page/44
33,11,14,2,0,0,5,0,0,0,0,2,0,0,1,0,1,0,0,0,4.1849,0.0606,0.697,0,0,0,0,0,0,0,0,https://www.ibm.com/cloud/page/47
50,12,11,3,0,1,6,0,1,0,1,2,0,0,1,0,1,0,0,0,4.3933,0.04,0.7,0,0,0,0,0,1,0,0,https://www.ebay.com/sch/i.html?_nkw=phone/page/20
45,15,14,2,1,0,4,0,1,0,1,0,0,0,1,0,1,0,0,0,4.4746,0.0,0.7778,0,0,0,0,0,1,0,0,https://www.mozilla.org/en-US/firefox?lang=en
57,30,20,3,1,0,3,0,0,1,1,4,0,0,0,1,2,0,1,2,4.5104,0.0702,0.7544,1,0,0,0,0,0,0,1,http://paypal.com.malicious-domain.ru/wallet&session=5807
51,23,21,1,2,0,3,0,0,1,1,4,0,0,0,1,0,0,1,3,4.5884,0.0784,0.7451,1,0,0,0,0,0,0,1,http://twitter-login-verify.ml/account&session=2503
34,6,11,1,0,0,3,0,1,0,1,8,0,0,0,1,0,1,0,0,4.4692,0.2353,0.5588,1,0,0,0,0,1,0,1,http://bit.ly/3xPhish1ng?id=723945
51,15,18,3,1,0,5,0,0,0,0,2,0,0,1,0,1,0,0,0,4.3492,0.0392,0.7451,0,0,0,0,0,0,0,0,https://docs.python.org/3/library/re.html#section-6
37,14,5,2,1,0,3,0,0,0,0,1,0,0,1,0,1,0,0,0,4.2762,0.027,0.7568,0,0,0,0,0,0,0,0,https://www.oracle.com/java#section-8
51,23,21,1,2,0,3,0,0,1,1,4,0,0,0,1,0,0,1,3,4.51,0.0784,0.7451,1,0,0,0,0,0,0,1,http://twitter-login-verify.ml/account&session=9922
50,28,6,2,2,0,3,0,1,0,1,5,0,0,0,1,1,0,1,1,4.2391,0.1,0.7,1,0,0,0,0,1,0,1,http://www.prize-winner-confirm.win/claim?id=99999
54,27,7,2,2,0,3,0,1,0,1,3,0,0,0,1,1,0,1,4,4.6692,0.0556,0.7593,1,0,0,0,0,1,0,1,http://www.apple-id-verify.support/unlock?token=abc123
51,15,6,2,0,0,5,0,1,0,1,4,0,0,1,0,1,0,0,0,4.5376,0.0784,0.7255,0,0,0,0,0,1,0,0,https://www.youtube.com/watch?v=dQw4w9WgXcQ/page/38
42,28,7,3,1,0,3,0,0,0,0,0,0,0,0,1,2,0,1,4,4.1057,0.0,0.8095,1,0,0,0,0,0,0,1,http://www.secure.update-account.ga/signin
38,15,7,2,0,0,3,0,1,0,1,0,0,0,1,0,1,0,1,1,4.3264,0.0,0.7895,0,0,0,0,0,1,0,0,https://www.netflix.com/browse?lang=en
39,14,17,2,0,0,6,0,0,0,0,2,0,0,1,0,1,0,0,0,4.0478,0.0513,0.7179,0,0,0,0,0,0,0,0,https://www.reddit.com/r/netsec/page/16
61,13,40,3,0,0,9,0,0,0,0,2,0,0,1,0,1,0,0,0,4.0154,0.0328,0.7541,0,0,0,0,0,0,0,0,https://www.intel.com/content/www/us/en/homepage.html/page/25
26,15,3,2,0,0,3,0,0,0,0,0,0,0,1,0,1,0,0,0,3.7193,0.0,0.7692,0,0,0,0,0,0,0,0,https://www.samsung.com/us
52,30,15,2,2,0,4,0,0,0,0,0,0,0,0,1,1,0,1,3,4.3245,0.0,0.8269,1,0,0,0,0,0,0,1,http://www.netflix-billing-update.xyz/account/update
60,33,20,3,1,0,3,0,0,1,1,4,0,0,0,1,2,0,1,5,4.5297,0.0667,0.7667,1,0,0,0,0,0,0,1,http://secure.paypal.account-verify.club/wallet&session=2336
55,13,24,3,1,0,4,0,0,0,0,1,0,0,1,0,1,0,0,0,4.1918,0.0182,0.8,0,0,0,0,0,0,0,0,https://www.adobe.com/products/photoshop.html#section-7
54,30,7,3,1,0,3,0,1,0,1,6,0,0,0,1,2,0,1,2,4.5671,0.1111,0.7037,1,0,0,0,0,1,0,1,http://paypal.com.malicious-domain.ru/wallet?id=182804
36,18,0,2,1,0,2,0,0,0,0,1,0,0,1,0,1,0,0,0,4.3638,0.0278,0.7778,0,0,0,0,0,0,0,0,https://www.cloudflare.com#section-2
36,13,15,2,0,0,5,0,0,0,0,2,0,0,1,0,1,0,1,1,3.983,0.0556,0.7222,0,0,0,0,0,0,0,0,https://www.apple.com/iphone/page/37
41,10,23,3,1,0,6,0,0,0,0,1,0,0,1,0,1,0,0,0,3.9907,0.0244,0.7073,0,0,0,0,0,0,0,0,https://www.hp.com/us-en/home.html/page/5
45,24,14,1,2,0,4,0,0,0,0,0,0,0,0,1,0,0,1,4,4.2969,0.0,0.8222,1,0,0,0,0,0,0,1,http://google-account-locked.tk/signin/verify
36,13,7,2,0,0,3,0,1,0,1,0,0,0,1,0,1,0,1,1,4.086,0.0,0.7778,0,0,0,0,0,1,0,0,https://www.apple.com/iphone?lang=en
62,20,35,1,2,0,5,0,0,1,1,4,0,0,0,1,0,0,1,3,4.3691,0.0645,0.7581,1,0,0,0,0,0,0,1,http://chase-bank-login.xyz/online/banking/signin&session=3718
43,11,16,2,0,0,4,0,1,0,1,0,0,0,1,0,1,0,0,0,4.1467,0.0,0.7907,0,0,0,0,0,1,0,0,https://www.bbc.com/news/technology?lang=en
50,12,11,3,0,1,4,0,2,0,2,0,0,0,1,0,1,0,0,0,4.3586,0.0,0.74,0,0,0,0,0,1,0,0,https://www.ebay.com/sch/i.html?_nkw=phone?lang=en
38,21,10,2,1,0,3,0,0,0,0,0,0,0,0,1,0,0,1,3,4.2012,0.0,0.8158,1,0,0,0,1,0,0,1,http://credential-verify.win/login.php
26,18,0,2,0,0,2,0,0,0,0,0,0,0,1,0,1,0,0,0,4.056,0.0,0.8077,0,0,0,0,0,0,0,0,https://www.cloudflare.com
38,21,10,2,1,0,3,0,0,0,0,0,0,0,0,1,0,0,1,3,4.2012,0.0,0.8158,1,0,0,0,1,0,0,1,http://credential-verify.win/login.php
64,40,7,4,2,0,3,0,1,0,1,6,0,0,0,1,3,0,1,4,4.568,0.0938,0.7188,0,0,0,0,0,1,0,1,http://login-support.amazon.com.evil-domain.com/signin?id=568238
64,40,7,4,2,0,3,0,1,0,1,6,0,0,0,1,3,0,1,4,4.5367,0.0938,0.7188,0,0,0,0,0,1,0,1,http://login-support.amazon.com.evil-domain.com/signin?id=265056
34,12,14,2,1,0,5,0,0,0,0,2,0,0,1,0,1,0,0,0,4.1722,0.0588,0.6765,0,0,0,0,0,0,0,0,https://www.dell.com/en-us/page/12
45,13,24,3,0,0,4,0,0,0,0,0,0,0,1,0,1,0,0,0,3.9055,0.0,0.8222,0,0,0,0,0,0,0,0,https://www.adobe.com/products/photoshop.html
31,14,9,2,0,0,3,0,0,0,0,0,0,0,1,0,1,0,0,0,4.0668,0.0,0.8065,0,0,0,0,0,0,0,0,https://www.github.com/trending
54,20,17,1,2,0,3,0,1,0,1,6,0,0,0,1,0,0,1,2,4.5513,0.1111,0.7222,1,0,0,0,0,1,0,1,http://facebook-security.cf/confirm-identity?id=444519
26,12,6,2,1,0,3,0,0,0,0,0,0,0,1,0,1,0,0,0,3.9501,0.0,0.7308,0,0,0,0,0,0,0,0,https://www.dell.com/en-us
26,12,6,2,1,0,3,0,0,0,0,0,0,0,1,0,1,0,0,0,3.9501,0.0,0.7308,0,0,0,0,0,0,0,0,https://www.dell.com/en-us
38,14,8,2,0,0,4,0,1,0,1,0,0,0,1,0,1,0,1,1,4.1883,0.0,0.7632,0,0,0,0,0,1,0,0,https://www.paypal.com/us/home?lang=en
59,23,7,1,2,0,3,0,2,0,2,7,0,0,0,1,0,0,1,3,4.8083,0.1186,0.6949,0,0,0,0,0,1,0,1,http://paypa1-secure-login.com/verify?user=victim?id=895702
46,24,6,1,2,0,3,0,1,0,1,5,0,0,0,1,0,0,1,1,4.249,0.1087,0.6957,1,0,0,0,0,1,0,1,http://prize-winner-confirm.win/claim?id=99999
59,24,6,1,2,0,3,0,1,1,2,9,0,0,0,1,0,0,1,1,4.5286,0.1525,0.661,1,0,0,0,0,2,0,1,http://prize-winner-confirm.win/claim?id=99999&session=1861
43,11,25,4,1,0,4,0,0,0,0,8,0,1,0,1,0,0,1,3,4.217,0.186,0.5814,1,0,0,0,1,0,0,1,http://192.168.1.1/login/account-update.php
35,17,0,2,1,0,2,0,0,0,0,1,0,0,1,0,1,0,1,1,4.1719,0.0286,0.7714,0,0,0,0,0,0,0,0,https://www.instagram.com#section-2
49,17,24,1,0,0,5,0,0,0,0,0,0,0,1,0,0,0,0,0,4.3191,0.0,0.8571,0,0,0,0,0,0,0,0,https://stackoverflow.com/questions/tagged/python
29,15,6,2,0,0,3,0,0,0,0,0,0,0,1,0,1,0,1,1,4.0473,0.0,0.7931,0,0,0,0,0,0,0,0,https://www.dropbox.com/login
54,23,14,1,2,0,4,0,1,0,1,6,0,0,0,1,0,0,1,4,4.5951,0.1111,0.7037,1,0,0,0,0,1,0,1,http://confirm-your-account.ml/amazon/signin?id=971415
49,15,18,3,0,0,5,0,1,0,1,1,0,0,1,0,1,0,0,0,4.3212,0.0204,0.7551,0,0,0,0,0,1,0,0,https://docs.python.org/3/library/re.html?lang=en
38,14,16,2,0,0,6,0,0,0,0,1,0,0,1,0,1,0,0,0,3.9778,0.0263,0.7368,0,0,0,0,0,0,0,0,https://www.reddit.com/r/netsec/page/2
43,15,6,2,0,0,3,0,1,0,1,2,0,0,1,0,1,0,0,0,4.4258,0.0465,0.7674,0,0,0,0,0,1,0,0,https://www.youtube.com/watch?v=dQw4w9WgXcQ
48,34,7,4,1,0,3,0,0,0,0,0,0,0,0,1,3,0,1,2,4.1654,0.0,0.8125,1,0,0,0,0,0,0,1,http://www.paypal.com.malicious-domain.ru/wallet
55,13,24,3,1,0,4,0,0,0,0,1,0,0,1,0,1,0,0,0,4.1918,0.0182,0.8,0,0,0,0,0,0,0,0,https://www.adobe.com/products/photoshop.html#section-5
49,17,24,1,0,0,5,0,0,0,0,0,0,0,1,0,0,0,0,0,4.3191,0.0,0.8571,0,0,0,0,0,0,0,0,https://stackoverflow.com/questions/tagged/python
57,17,24,1,0,0,5,0,1,0,1,0,0,0,1,0,0,0,0,0,4.4252,0.0,0.8421,0,0,0,0,0,1,0,0,https://stackoverflow.com/questions/tagged/python?lang=en
48,26,15,1,2,0,4,0,0,0,0,0,0,0,0,1,0,0,1,3,4.2351,0.0,0.8333,1,0,0,0,0,0,0,1,http://netflix-billing-update.xyz/account/update
54,23,24,1,1,0,5,0,0,0,0,0,0,0,0,1,0,0,1,4,4.1711,0.0,0.8519,1,0,0,0,0,0,0,1,http://microsoft-alert.support/windows/security/update
41,14,2,2,0,0,5,0,1,0,1,2,0,0,1,0,1,0,1,1,4.1899,0.0488,0.7073,0,0,0,0,0,1,0,0,https://www.amazon.com/s?k=laptop/page/46
48,24,17,2,2,0,4,0,0,0,0,0,0,0,0,1,1,0,1,4,4.179,0.0,0.8125,0,0,0,0,0,0,0,1,http://www.support-apple-id.com/account/validate
47,24,16,1,2,0,4,0,0,0,0,0,0,0,0,1,0,0,1,4,4.4083,0.0,0.8298,1,0,0,0,0,0,0,1,http://update-your-password.xyz/microsoft/login
54,20,17,1,2,0,3,0,1,0,1,6,0,0,0,1,0,0,1,2,4.6023,0.1111,0.7222,1,0,0,0,0,1,0,1,http://facebook-security.cf/confirm-identity?id=844261
28,10,11,2,0,0,3,0,0,0,0,2,0,0,0,1,1,0,0,0,3.9852,0.0714,0.7143,1,0,0,0,0,0,0,1,http://www.bit.ly/3xPhish1ng
53,27,7,2,2,0,3,0,1,0,1,1,0,0,0,1,1,0,1,3,4.5481,0.0189,0.7925,0,0,0,0,0,1,0,1,http://www.paypa1-secure-login.com/verify?user=victim
48,24,7,2,1,0,3,0,1,0,1,6,0,0,0,1,1,0,1,4,4.4749,0.125,0.6875,1,0,0,0,0,1,0,1,http://secure.update-account.ga/signin?id=173201
58,44,7,5,2,0,3,0,0,0,0,0,0,0,0,1,4,0,1,4,4.2698,0.0,0.8103,0,0,0,0,0,0,0,1,http://www.login-support.amazon.com.evil-domain.com/signin
34,10,16,3,1,0,4,0,0,0,0,0,0,0,1,0,1,0,0,0,3.8222,0.0,0.7353,0,0,0,0,0,0,0,0,https://www.hp.com/us-en/home.html
47,17,22,2,0,1,4,0,0,0,0,0,0,0,1,0,1,0,0,0,4.1179,0.0,0.8298,0,0,0,0,0,0,0,0,https://www.wikipedia.org/wiki/Machine_learning
37,15,14,2,0,0,5,0,0,0,0,2,0,0,1,0,1,0,1,1,4.2603,0.0541,0.7297,0,0,0,0,0,0,0,0,https://www.dropbox.com/login/page/20
45,15,22,2,1,0,6,0,0,0,0,2,0,0,1,0,1,0,0,0,4.4302,0.0444,0.7333,0,0,0,0,0,0,0,0,https://www.mozilla.org/en-US/firefox/page/49
49,35,7,3,2,0,3,0,0,0,0,0,0,0,0,1,2,0,1,1,4.167,0.0,0.8163,0,0,0,0,0,0,0,1,http://www.www-paypal-com.phishingsite.com/webscr
59,17,24,1,1,0,5,0,0,0,0,1,0,0,1,0,0,0,0,0,4.4269,0.0169,0.8305,0,0,0,0,0,0,0,0,https://stackoverflow.com/questions/tagged/python#section-1
36,18,0,2,1,0,2,0,0,0,0,1,0,0,1,0,1,0,0,0,4.1762,0.0278,0.7778,0,0,0,0,0,0,0,0,https://www.salesforce.com#section-6
42,10,16,3,1,0,4,0,1,0,1,0,0,0,1,0,1,0,0,0,4.1416,0.0,0.7381,0,0,0,0,0,1,0,0,https://www.hp.com/us-en/home.html?lang=en
57,17,24,1,0,0,5,0,1,0,1,0,0,0,1,0,0,0,0,0,4.4252,0.0,0.8421,0,0,0,0,0,1,0,0,https://stackoverflow.com/questions/tagged/python?lang=en
58,26,15,1,2,0,4,0,1,0,1,6,0,0,0,1,0,0,1,3,4.6029,0.1034,0.7241,1,0,0,0,0,1,0,1,http://netflix-billing-update.xyz/account/update?id=356059
44,20,17,1,2,0,3,0,0,0,0,0,0,0,0,1,0,0,1,2,4.2179,0.0,0.8409,1,0,0,0,0,0,0,1,http://facebook-security.cf/confirm-identity
65,33,15,2,3,0,3,0,1,0,1,6,0,0,0,1,1,0,1,5,4.5569,0.0923,0.7385,0,0,0,0,0,1,0,1,http://login.microsoft-support-alert.com/password-reset?id=377501
32,16,0,2,0,0,2,0,1,0,1,0,0,0,1,0,1,0,1,1,4.2653,0.0,0.7812,0,0,0,0,0,1,0,0,https://www.facebook.com?lang=en
51,15,6,2,0,0,5,0,1,0,1,4,0,0,1,0,1,0,0,0,4.5376,0.0784,0.7255,0,0,0,0,0,1,0,0,https://www.youtube.com/watch?v=dQw4w9WgXcQ/page/17
56,11,38,4,1,0,4,0,0,1,1,12,0,1,0,1,0,0,1,3,4.439,0.2143,0.5714,1,0,0,0,0,0,0,1,http://192.168.1.1/login/account-update.php&session=1828
33,15,0,2,1,0,2,0,0,0,0,1,0,0,1,0,1,0,0,0,3.9077,0.0303,0.7576,0,0,0,0,0,0,0,0,https://www.twitter.com#section-7
59,20,22,1,2,0,5,0,1,0,1,6,0,0,0,1,0,0,1,3,4.4821,0.1017,0.7119,1,0,0,0,0,1,0,1,http://chase-bank-login.xyz/online/banking/signin?id=997004
47,17,14,2,1,0,4,0,1,0,1,0,0,0,1,0,1,0,1,1,4.3128,0.0,0.7872,0,0,0,0,0,1,0,0,https://www.microsoft.com/en-us/windows?lang=en
60,28,25,2,2,0,4,0,0,1,1,4,0,0,0,1,1,0,1,4,4.5237,0.0667,0.75,1,0,0,0,0,0,0,1,http://www.secure-login-update.info/bank/signin&session=1422
47,26,14,3,2,0,3,0,0,0,0,0,0,0,0,1,1,0,1,3,4.3866,0.0,0.8085,1,0,0,0,0,0,0,1,http://www.ebay-account-verify.ga/ebayisapi.dll
29,14,7,2,0,0,4,0,0,0,0,1,0,0,1,0,1,0,1,1,3.8144,0.0345,0.7241,0,0,0,0,0,0,0,0,https://www.google.com/page/2
50,12,11,3,0,1,4,0,2,0,2,0,0,0,1,0,1,0,0,0,4.3586,0.0,0.74,0,0,0,0,0,1,0,0,https://www.ebay.com/sch/i.html?_nkw=phone?lang=en
46,24,6,1,2,0,3,0,1,0,1,5,0,0,0,1,0,0,1,1,4.249,0.1087,0.6957,1,0,0,0,0,1,0,1,http://prize-winner-confirm.win/claim?id=99999
42,19,16,1,2,0,3,0,0,0,0,0,0,0,0,1,0,0,1,4,4.2462,0.0,0.8333,1,0,0,0,0,0,0,1,http://instagram-verify.tk/account-confirm
51,32,12,3,2,0,4,0,0,0,0,0,0,0,0,1,2,0,1,4,4.2727,0.0,0.8039,1,0,0,0,0,0,0,1,http://www.www.secure-login-update.info/bank/signin
54,27,7,2,2,0,3,0,1,0,1,3,0,0,0,1,1,0,1,4,4.6692,0.0556,0.7593,1,0,0,0,0,1,0,1,http://www.apple-id-verify.support/unlock?token=abc123
34,15,11,2,0,0,5,0,0,0,0,2,0,0,1,0,1,0,0,0,3.9591,0.0588,0.7059,0,0,0,0,0,0,0,0,https://www.samsung.com/us/page/36
25,17,0,2,0,0,2,0,0,0,0,0,0,0,1,0,1,0,1,1,3.8635,0.0,0.8,0,0,0,0,0,0,0,0,https://www.instagram.com
37,15,14,2,1,0,4,0,0,0,0,0,0,0,1,0,1,0,0,0,4.3578,0.0,0.7838,0,0,0,0,0,0,0,0,https://www.mozilla.org/en-US/firefox
51,15,6,2,0,0,3,0,2,0,2,2,0,0,1,0,1,0,0,0,4.5936,0.0392,0.7647,0,0,0,0,0,1,0,0,https://www.youtube.com/watch?v=dQw4w9WgXcQ?lang=en
33,14,2,2,0,0,3,0,1,0,1,0,0,0,1,0,1,0,1,1,3.9981,0.0,0.7576,0,0,0,0,0,1,0,0,https://www.amazon.com/s?k=laptop
30,14,0,2,0,0,2,0,1,0,1,0,0,0,1,0,1,0,1,1,4.0314,0.0,0.7667,0,0,0,0,0,1,0,0,https://www.google.com?lang=en
45,16,12,1,1,0,4,0,1,0,1,0,0,0,0,1,0,0,0,0,4.3136,0.0,0.8,1,0,0,0,0,1,0,1,http://dropbox-phish.tk/files/share?token=abc
48,21,10,2,1,0,3,0,1,0,1,6,0,0,0,1,0,0,1,3,4.5561,0.125,0.6875,1,0,0,0,1,1,0,1,http://credential-verify.win/login.php?id=337547
30,14,0,2,0,0,2,0,1,0,1,0,0,0,1,0,1,0,1,1,4.0314,0.0,0.7667,0,0,0,0,0,1,0,0,https://www.google.com?lang=en
38,23,8,1,2,0,3,0,0,0,0,0,0,0,0,1,0,0,1,3,4.2211,0.0,0.8158,1,0,0,0,0,0,0,1,http://twitter-login-verify.ml/account
39,14,9,2,0,0,3,0,1,0,1,0,0,0,1,0,1,0,0,0,4.3043,0.0,0.7949,0,0,0,0,0,1,0,0,https://www.github.com/trending?lang=en
44,14,2,2,1,0,3,0,1,0,1,2,0,0,1,0,1,0,1,1,4.3736,0.0455,0.7273,0,0,0,0,0,1,0,0,https://www.amazon.com/s?k=laptop#section-10
54,27,20,1,2,0,3,0,0,1,1,4,0,0,0,1,0,0,1,4,4.4299,0.0741,0.7593,1,0,0,0,0,0,0,1,http://amazon-account-suspended.ml/signin&session=6072
42,11,23,2,0,0,6,0,0,0,0,1,0,0,1,0,1,0,0,0,4.0464,0.0238,0.7619,0,0,0,0,0,0,0,0,https://www.bbc.com/news/technology/page/8
26,18,0,2,0,0,2,0,0,0,0,0,0,0,1,0,1,0,0,0,4.056,0.0,0.8077,0,0,0,0,0,0,0,0,https://www.cloudflare.com
46,17,21,2,1,0,6,0,0,0,0,1,0,0,1,0,1,0,1,1,4.1785,0.0217,0.7609,0,0,0,0,0,0,0,0,https://www.microsoft.com/en-us/windows/page/7
30,14,0,2,0,0,2,0,1,0,1,0,0,0,1,0,1,0,1,1,4.0314,0.0,0.7667,0,0,0,0,0,1,0,0,https://www.google.com?lang=en
33,14,2,2,0,0,3,0,1,0,1,0,0,0,1,0,1,0,1,1,3.9981,0.0,0.7576,0,0,0,0,0,1,0,0,https://www.amazon.com/s?k=laptop
61,13,32,3,0,0,7,0,1,0,1,0,0,0,1,0,1,0,0,0,4.0379,0.0,0.7869,0,0,0,0,0,1,0,0,https://www.intel.com/content/www/us/en/homepage.html?lang=en
33,11,6,2,0,0,3,0,1,0,1,0,0,0,1,0,1,0,0,0,4.332,0.0,0.7576,0,0,0,0,0,1,0,0,https://www.ibm.com/cloud?lang=en
58,17,22,2,1,1,4,0,0,0,0,2,0,0,1,0,1,0,0,0,4.3559,0.0345,0.7931,0,0,0,0,0,0,0,0,https://www.wikipedia.org/wiki/Machine_learning#section-10
42,11,14,3,0,0,4,0,1,0,1,14,0,1,0,1,0,0,1,2,4.5109,0.3333,0.4286,1,0,0,0,0,1,0,1,http://12.34.56.78/login/banking?id=728492
30,15,7,2,0,0,3,0,0,0,0,0,0,0,1,0,1,0,1,1,4.0566,0.0,0.8,0,0,0,0,0,0,0,0,https://www.netflix.com/browse
22,14,0,2,0,0,2,0,0,0,0,0,0,0,1,0,1,0,1,1,3.6635,0.0,0.7727,0,0,0,0,0,0,0,0,https://www.google.com
25,17,0,2,0,0,2,0,0,0,0,0,0,0,1,0,1,0,1,1,3.8635,0.0,0.8,0,0,0,0,0,0,0,0,https://www.instagram.com
42,10,24,3,1,0,6,0,0,0,0,2,0,0,1,0,1,0,0,0,4.0581,0.0476,0.6905,0,0,0,0,0,0,0,0,https://www.hp.com/us-en/home.html/page/36
47,24,6,1,2,0,3,0,1,0,1,6,0,0,0,1,0,0,1,4,4.5381,0.1277,0.6809,1,0,0,0,0,1,0,1,http://secure-banking-update.tk/login?id=262246
31,15,0,2,0,0,2,0,1,0,1,0,0,0,1,0,1,0,0,0,4.0636,0.0,0.7742,0,0,0,0,0,1,0,0,https://www.twitter.com?lang=en
42,10,24,3,1,0,6,0,0,0,0,2,0,0,1,0,1,0,0,0,4.0581,0.0476,0.6905,0,0,0,0,0,0,0,0,https://www.hp.com/us-en/home.html/page/16
58,16,12,1,1,0,4,0,1,1,2,4,0,0,0,1,0,0,0,0,4.5301,0.069,0.7414,1,0,0,0,0,2,0,1,http://dropbox-phish.tk/files/share?token=abc&session=3902
34,18,8,2,0,0,4,0,0,0,0,2,0,0,1,0,1,0,0,0,4.0797,0.0588,0.7353,0,0,0,0,0,0,0,0,https://www.salesforce.com/page/48
52,23,22,2,2,0,4,0,0,0,0,0,0,0,0,1,0,0,1,1,4.4027,0.0,0.8269,1,0,0,0,1,0,0,1,http://fake-antivirus-alert.ml/download/security.exe
53,13,24,3,0,0,4,0,1,0,1,0,0,0,1,0,1,0,0,0,4.2301,0.0,0.8113,0,0,0,0,0,1,0,0,https://www.adobe.com/products/photoshop.html?lang=en
35,14,5,2,0,0,3,0,1,0,1,0,0,0,1,0,1,0,0,0,4.229,0.0,0.7714,0,0,0,0,0,1,0,0,https://www.oracle.com/java?lang=en
29,16,5,2,0,0,3,0,0,0,0,0,0,0,1,0,1,0,0,0,4.0213,0.0,0.7931,0,0,0,0,0,0,0,0,https://www.linkedin.com/feed
51,27,7,1,2,0,3,0,1,0,1,6,0,0,0,1,0,0,1,4,4.5717,0.1176,0.7059,1,0,0,0,0,1,0,1,http://amazon-account-suspended.ml/signin?id=168872
44,10,16,3,2,0,4,0,0,0,0,1,0,0,1,0,1,0,0,0,4.0838,0.0227,0.7273,0,0,0,0,0,0,0,0,https://www.hp.com/us-en/home.html#section-3
31,15,8,2,0,0,4,0,0,0,0,2,0,0,1,0,1,0,0,0,3.87,0.0645,0.7097,0,0,0,0,0,0,0,0,https://www.twitter.com/page/25
42,11,14,3,0,0,4,0,1,0,1,14,0,1,0,1,0,0,1,2,4.5109,0.3333,0.4286,1,0,0,0,0,1,0,1,http://12.34.56.78/login/banking?id=270128
48,21,10,2,1,0,3,0,1,0,1,6,0,0,0,1,0,0,1,3,4.5978,0.125,0.6875,1,0,0,0,1,1,0,1,http://credential-verify.win/login.php?id=904624
34,10,16,3,1,0,4,0,0,0,0,0,0,0,1,0,1,0,0,0,3.8222,0.0,0.7353,0,0,0,0,0,0,0,0,https://www.hp.com/us-en/home.html
38,13,17,2,0,0,6,0,0,0,0,0,0,0,1,0,1,0,0,0,3.7905,0.0,0.7632,0,0,0,0,0,0,0,0,https://www.cisco.com/c/en/us/products
49,20,12,2,1,0,4,0,1,0,1,0,0,0,0,1,1,0,0,0,4.3948,0.0,0.7959,1,0,0,0,0,1,0,1,http://www.dropbox-phish.tk/files/share?token=abc
33,11,6,2,0,0,3,0,1,0,1,0,0,0,1,0,1,0,0,0,4.332,0.0,0.7576,0,0,0,0,0,1,0,0,https://www.ibm.com/cloud?lang=en
28,13,7,2,0,0,3,0,0,0,0,0,0,0,1,0,1,0,1,1,3.8249,0.0,0.7857,0,0,0,0,0,0,0,0,https://www.apple.com/iphone
41,28,6,2,2,0,3,0,0,0,0,0,0,0,0,1,1,0,1,4,4.3083,0.0,0.8049,1,0,0,0,0,0,0,1,http://www.secure-banking-update.tk/login
53,27,7,2,2,0,3,0,1,0,1,1,0,0,0,1,1,0,1,3,4.5481,0.0189,0.7925,0,0,0,0,0,1,0,1,http://www.paypa1-secure-login.com/verify?user=victim
24,16,0,2,0,0,2,0,0,0,0,0,0,0,1,0,1,0,1,1,3.8554,0.0,0.7917,0,0,0,0,0,0,0,0,https://www.facebook.com
49,28,14,2,2,0,4,0,0,0,0,0,0,0,0,1,1,0,1,4,4.3794,0.0,0.8163,1,0,0,0,0,0,0,1,http://www.google-account-locked.tk/signin/verify
28,10,11,2,0,0,3,0,0,0,0,2,0,0,0,1,1,0,0,0,3.9852,0.0714,0.7143,1,0,0,0,0,0,0,1,http://www.bit.ly/3xPhish1ng
51,15,6,2,0,0,3,0,2,0,2,2,0,0,1,0,1,0,0,0,4.5936,0.0392,0.7647,0,0,0,0,0,1,0,0,https://www.youtube.com/watch?v=dQw4w9WgXcQ?lang=en
49,17,14,2,2,0,4,0,0,0,0,1,0,0,1,0,1,0,1,1,4.123,0.0204,0.7755,0,0,0,0,0,0,0,0,https://www.microsoft.com/en-us/windows#section-2
54,20,17,1,2,0,4,0,1,0,1,6,0,0,0,1,0,0,1,4,4.4542,0.1111,0.7037,0,0,0,0,0,1,0,1,http://support-apple-id.com/account/validate?id=535037
37,15,6,2,0,0,3,0,1,0,1,0,0,0,1,0,1,0,1,1,4.3374,0.0,0.7838,0,0,0,0,0,1,0,0,https://www.dropbox.com/login?lang=en
51,37,7,4,1,0,3,0,0,0,0,0,0,0,0,1,3,0,1,5,4.2163,0.0,0.8235,1,0,0,0,0,0,0,1,http://www.secure.paypal.account-verify.club/wallet
53,13,32,3,0,0,7,0,0,0,0,0,0,0,1,0,1,0,0,0,3.8921,0.0,0.7925,0,0,0,0,0,0,0,0,https://www.intel.com/content/www/us/en/homepage.html
30,15,7,2,0,0,3,0,0,0,0,0,0,0,1,0,1,0,1,1,4.0566,0.0,0.8,0,0,0,0,0,0,0,0,https://www.netflix.com/browse
45,15,22,2,1,0,6,0,0,0,0,2,0,0,1,0,1,0,0,0,4.4302,0.0444,0.7333,0,0,0,0,0,0,0,0,https://www.mozilla.org/en-US/firefox/page/34
55,19,29,1,2,0,3,0,0,1,1,4,0,0,0,1,0,0,1,4,4.5562,0.0727,0.7636,1,0,0,0,0,0,0,1,http://instagram-verify.tk/account-confirm&session=6120
42,19,16,1,2,0,3,0,0,0,0,0,0,0,0,1,0,0,1,4,4.2462,0.0,0.8333,1,0,0,0,0,0,0,1,http://instagram-verify.tk/account-confirm
36,11,6,2,1,0,3,0,0,0,0,2,0,0,1,0,1,0,0,0,4.2873,0.0556,0.7222,0,0,0,0,0,0,0,0,https://www.ibm.com/cloud#section-10
38,14,8,2,0,0,4,0,1,0,1,0,0,0,1,0,1,0,1,1,4.1883,0.0,0.7632,0,0,0,0,0,1,0,0,https://www.paypal.com/us/home?lang=en
47,26,14,3,2,0,3,0,0,0,0,0,0,0,0,1,1,0,1,3,4.3866,0.0,0.8085,1,0,0,0,0,0,0,1,http://www.ebay-account-verify.ga/ebayisapi.dll
56,11,38,4,1,0,4,0,0,1,1,12,0,1,0,1,0,0,1,3,4.5239,0.2143,0.5714,1,0,0,0,0,0,0,1,http://192.168.1.1/login/account-update.php&session=1653
47,33,7,3,1,0,3,0,0,0,0,0,0,0,0,1,2,0,1,5,4.2137,0.0,0.8298,1,0,0,0,0,0,0,1,http://secure.paypal.account-verify.club/wallet
47,24,16,1,2,0,4,0,0,0,0,0,0,0,0,1,0,0,1,4,4.4083,0.0,0.8298,1,0,0,0,0,0,0,1,http://update-your-password.xyz/microsoft/login
65,33,15,2,3,0,3,0,1,0,1,6,0,0,0,1,1,0,1,5,4.5569,0.0923,0.7385,0,0,0,0,0,1,0,1,http://login.microsoft-support-alert.com/password-reset?id=956572
48,15,25,3,0,0,7,0,0,0,0,2,0,0,1,0,1,0,0,0,4.196,0.0417,0.7292,0,0,0,0,0,0,0,0,https://docs.python.org/3/library/re.html/page/9
34,18,8,2,0,0,4,0,0,0,0,2,0,0,1,0,1,0,0,0,4.2417,0.0588,0.7353,0,0,0,0,0,0,0,0,https://www.cloudflare.com/page/21
57,20,30,1,2,0,3,0,0,1,1,4,0,0,0,1,0,0,1,2,4.4735,0.0702,0.7719,1,0,0,0,0,0,0,1,http://facebook-security.cf/confirm-identity&session=3573
57,20,30,1,2,0,4,0,0,1,1,4,0,0,0,1,0,0,1,4,4.4033,0.0702,0.7544,0,0,0,0,0,0,0,1,http://support-apple-id.com/account/validate&session=4824
53,27,7,2,2,0,3,0,1,0,1,1,0,0,0,1,1,0,1,3,4.5481,0.0189,0.7925,0,0,0,0,0,1,0,1,http://www.paypa1-secure-login.com/verify?user=victim
57,30,20,3,1,0,3,0,0,1,1,4,0,0,0,1,2,0,1,2,4.5104,0.0702,0.7544,1,0,0,0,0,0,0,1,http://paypal.com.malicious-domain.ru/wallet&session=5381
35,11,6,2,1,0,3,0,0,0,0,1,0,0,1,0,1,0,0,0,4.2214,0.0286,0.7429,0,0,0,0,0,0,0,0,https://www.ibm.com/cloud#section-6
55,19,29,1,2,0,3,0,0,1,1,4,0,0,0,1,0,0,1,4,4.5198,0.0727,0.7636,1,0,0,0,0,0,0,1,http://instagram-verify.tk/account-confirm&session=9149
62,23,7,1,2,0,3,0,1,1,2,5,0,0,0,1,0,0,1,3,4.642,0.0806,0.7419,0,0,0,0,0,2,0,1,http://paypa1-secure-login.com/verify?user=victim&session=4475
60,23,7,1,2,0,3,0,2,0,2,9,0,0,0,1,0,0,1,4,4.8297,0.15,0.6667,1,0,0,0,0,1,0,1,http://apple-id-verify.support/unlock?token=abc123?id=594379
63,23,7,1,2,0,3,0,1,1,2,7,0,0,0,1,0,0,1,4,4.7094,0.1111,0.7143,1,0,0,0,0,2,0,1,http://apple-id-verify.support/unlock?token=abc123&session=6321
55,31,7,2,2,0,3,0,1,0,1,6,0,0,0,1,1,0,1,1,4.6582,0.1091,0.7091,0,0,0,0,0,1,0,1,http://www-paypal-com.phishingsite.com/webscr?id=545790
34,15,3,2,0,0,3,0,1,0,1,0,0,0,1,0,1,0,0,0,4.0797,0.0,0.7647,0,0,0,0,0,1,0,0,https://www.samsung.com/us?lang=en
39,15,6,2,1,0,3,0,0,0,0,1,0,0,1,0,1,0,1,1,4.3143,0.0256,0.7692,0,0,0,0,0,0,0,0,https://www.dropbox.com/login#section-5
51,27,7,1,2,0,3,0,1,0,1,6,0,0,0,1,0,0,1,4,4.5717,0.1176,0.7059,1,0,0,0,0,1,0,1,http://amazon-account-suspended.ml/signin?id=714867
47,17,22,2,0,1,4,0,0,0,0,0,0,0,1,0,1,0,0,0,4.1179,0.0,0.8298,0,0,0,0,0,0,0,0,https://www.wikipedia.org/wiki/Machine_learning
58,26,15,1,2,0,4,0,1,0,1,6,0,0,0,1,0,0,1,3,4.5684,0.1034,0.7241,1,0,0,0,0,1,0,1,http://netflix-billing-update.xyz/account/update?id=425845
23,15,0,2,0,0,2,0,0,0,0,0,0,0,1,0,1,0,0,0,3.4971,0.0,0.7826,0,0,0,0,0,0,0,0,https://www.twitter.com
39,14,9,2,0,0,4,0,1,0,1,0,0,0,1,0,1,0,0,0,4.1698,0.0,0.7692,0,0,0,0,0,1,0,0,https://www.reddit.com/r/netsec?lang=en
27,14,5,2,0,0,3,0,0,0,0,0,0,0,1,0,1,0,0,0,3.9303,0.0,0.7778,0,0,0,0,0,0,0,0,https://www.oracle.com/java
39,14,9,2,0,0,3,0,1,0,1,0,0,0,1,0,1,0,0,0,4.3043,0.0,0.7949,0,0,0,0,0,1,0,0,https://www.github.com/trending?lang=en
49,35,7,3,2,0,3,0,0,0,0,0,0,0,0,1,2,0,1,1,4.167,0.0,0.8163,0,0,0,0,0,0,0,1,http://www.www-paypal-com.phishingsite.com/webscr
59,17,24,1,1,0,5,0,0,0,0,1,0,0,1,0,0,0,0,0,4.4269,0.0169,0.8305,0,0,0,0,0,0,0,0,https://stackoverflow.com/questions/tagged/python#section-7
40,15,7,2,1,0,3,0,0,0,0,1,0,0,1,0,1,0,1,1,4.2464,0.025,0.775,0,0,0,0,0,0,0,0,https://www.netflix.com/browse#section-7
30,14,0,2,0,0,2,0,1,0,1,0,0,0,1,0,1,0,1,1,4.0314,0.0,0.7667,0,0,0,0,0,1,0,0,https://www.google.com?lang=en
25,11,6,2,0,0,3,0,0,0,0,0,0,0,1,0,1,0,0,0,3.8635,0.0,0.76,0,0,0,0,0,0,0,0,https://www.ibm.com/cloud
39,16,5,2,1,0,3,0,0,0,0,1,0,0,1,0,1,0,0,0,4.2143,0.0256,0.7692,0,0,0,0,0,0,0,0,https://www.linkedin.com/feed#section-8
51,15,18,3,1,0,5,0,0,0,0,2,0,0,1,0,1,0,0,0,4.3492,0.0392,0.7451,0,0,0,0,0,0,0,0,https://docs.python.org/3/library/re.html#section-7
24,16,0,2,0,0,2,0,0,0,0,0,0,0,1,0,1,0,1,1,3.8554,0.0,0.7917,0,0,0,0,0,0,0,0,https://www.facebook.com
57,17,32,1,0,0,7,0,0,0,0,2,0,0,1,0,0,0,0,0,4.3761,0.0351,0.807,0,0,0,0,0,0,0,0,https://stackoverflow.com/questions/tagged/python/page/40
49,15,26,3,0,0,7,0,0,0,0,3,0,0,1,0,1,0,0,0,4.2541,0.0612,0.7143,0,0,0,0,0,0,0,0,https://docs.python.org/3/library/re.html/page/26
48,24,7,2,1,0,3,0,1,0,1,6,0,0,0,1,1,0,1,4,4.4749,0.125,0.6875,1,0,0,0,0,1,0,1,http://secure.update-account.ga/signin?id=481574
52,23,22,2,2,0,4,0,0,0,0,0,0,0,0,1,0,0,1,1,4.4027,0.0,0.8269,1,0,0,0,1,0,0,1,http://fake-antivirus-alert.ml/download/security.exe
31,15,0,2,0,0,2,0,1,0,1,0,0,0,1,0,1,0,0,0,4.0636,0.0,0.7742,0,0,0,0,0,1,0,0,https://www.twitter.com?lang=en
60,28,25,2,2,0,4,0,0,1,1,4,0,0,0,1,1,0,1,4,4.5237,0.0667,0.75,1,0,0,0,0,0,0,1,http://www.secure-login-update.info/bank/signin&session=3522
42,11,14,3,0,0,4,0,1,0,1,14,0,1,0,1,0,0,1,2,4.5109,0.3333,0.4286,1,0,0,0,0,1,0,1,http://12.34.56.78/login/banking?id=698384
37,24,6,1,2,0,3,0,0,0,0,0,0,0,0,1,0,0,1,4,4.2293,0.0,0.8108,1,0,0,0,0,0,0,1,http://secure-banking-update.tk/login
44,23,14,1,2,0,4,0,0,0,0,0,0,0,0,1,0,0,1,4,4.1552,0.0,0.8182,1,0,0,0,0,0,0,1,http://confirm-your-account.ml/amazon/signin
45,16,12,1,1,0,4,0,1,0,1,0,0,0,0,1,0,0,0,0,4.3136,0.0,0.8,1,0,0,0,0,1,0,1,http://dropbox-phish.tk/files/share?token=abc
48,21,10,2,1,0,3,0,1,0,1,6,0,0,0,1,0,0,1,3,4.5978,0.125,0.6875,1,0,0,0,1,1,0,1,http://credential-verify.win/login.php?id=621841
61,13,40,3,0,0,9,0,0,0,0,2,0,0,1,0,1,0,0,0,4.0154,0.0328,0.7541,0,0,0,0,0,0,0,0,https://www.intel.com/content/www/us/en/homepage.html/page/39
54,23,14,1,2,0,4,0,1,0,1,6,0,0,0,1,0,0,1,4,4.6321,0.1111,0.7037,1,0,0,0,0,1,0,1,http://confirm-your-account.ml/amazon/signin?id=310548
59,20,22,1,2,0,5,0,1,0,1,6,0,0,0,1,0,0,1,3,4.5499,0.1017,0.7119,1,0,0,0,0,1,0,1,http://chase-bank-login.xyz/online/banking/signin?id=809176
52,23,22,2,2,0,4,0,0,0,0,0,0,0,0,1,0,0,1,1,4.4027,0.0,0.8269,1,0,0,0,1,0,0,1,http://fake-antivirus-alert.ml/download/security.exe
48,21,10,2,1,0,3,0,1,0,1,6,0,0,0,1,0,0,1,3,4.6395,0.125,0.6875,1,0,0,0,1,1,0,1,http://credential-verify.win/login.php?id=164879
55,17,22,2,0,1,4,0,1,0,1,0,0,0,1,0,1,0,0,0,4.2245,0.0,0.8182,0,0,0,0,0,1,0,0,https://www.wikipedia.org/wiki/Machine_learning?lang=en
33,15,0,2,1,0,2,0,0,0,0,1,0,0,1,0,1,0,0,0,3.9077,0.0303,0.7576,0,0,0,0,0,0,0,0,https://www.twitter.com#section-7
51,15,18,3,1,0,5,0,0,0,0,2,0,0,1,0,1,0,0,0,4.3492,0.0392,0.7451,0,0,0,0,0,0,0,0,https://docs.python.org/3/library/re.html#section-5
57,24,16,1,2,0,4,0,1,0,1,6,0,0,0,1,0,0,1,4,4.7209,0.1053,0.7193,1,0,0,0,0,1,0,1,http://update-your-password.xyz/microsoft/login?id=343467
52,23,22,2,2,0,4,0,0,0,0,0,0,0,0,1,0,0,1,1,4.4027,0.0,0.8269,1,0,0,0,1,0,0,1,http://fake-antivirus-alert.ml/download/security.exe
38,23,8,1,2,0,3,0,0,0,0,0,0,0,0,1,0,0,1,3,4.2211,0.0,0.8158,1,0,0,0,0,0,0,1,http://twitter-login-verify.ml/account
30,15,7,2,0,0,3,0,0,0,0,0,0,0,1,0,1,0,1,1,4.0566,0.0,0.8,0,0,0,0,0,0,0,0,https://www.netflix.com/browse
45,15,22,2,1,0,6,0,0,0,0,2,0,0,1,0,1,0,0,0,4.4302,0.0444,0.7333,0,0,0,0,0,0,0,0,https://www.mozilla.org/en-US/firefox/page/23
25,17,0,2,0,0,2,0,0,0,0,0,0,0,1,0,1,0,1,1,3.8635,0.0,0.8,0,0,0,0,0,0,0,0,https://www.instagram.com
35,14,5,2,0,0,3,0,1,0,1,0,0,0,1,0,1,0,0,0,4.229,0.0,0.7714,0,0,0,0,0,1,0,0,https://www.oracle.com/java?lang=en
52,30,15,2,2,0,4,0,0,0,0,0,0,0,0,1,1,0,1,3,4.3245,0.0,0.8269,1,0,0,0,0,0,0,1,http://www.netflix-billing-update.xyz/account/update
54,30,7,3,1,0,3,0,1,0,1,6,0,0,0,1,2,0,1,2,4.6042,0.1111,0.7037,1,0,0,0,0,1,0,1,http://paypal.com.malicious-domain.ru/wallet?id=540218
30,14,8,2,0,0,4,0,0,0,0,2,0,0,1,0,1,0,1,1,3.8981,0.0667,0.7,0,0,0,0,0,0,0,0,https://www.google.com/page/40
33,17,0,2,0,0,2,0,1,0,1,0,0,0,1,0,1,0,1,1,4.165,0.0,0.7879,0,0,0,0,0,1,0,0,https://www.instagram.com?lang=en
33,11,14,2,0,0,5,0,0,0,0,2,0,0,1,0,1,0,0,0,4.1243,0.0606,0.697,0,0,0,0,0,0,0,0,https://www.ibm.com/cloud/page/22
26,15,3,2,0,0,3,0,0,0,0,0,0,0,1,0,1,0,0,0,3.7193,0.0,0.7692,0,0,0,0,0,0,0,0,https://www.samsung.com/us
52,23,22,2,2,0,4,0,0,0,0,0,0,0,0,1,0,0,1,1,4.4027,0.0,0.8269,1,0,0,0,1,0,0,1,http://fake-antivirus-alert.ml/download/security.exe
41,14,9,2,1,0,4,0,0,0,0,1,0,0,1,0,1,0,0,0,4.0435,0.0244,0.7561,0,0,0,0,0,0,0,0,https://www.reddit.com/r/netsec#section-7
34,18,8,2,0,0,4,0,0,0,0,2,0,0,1,0,1,0,0,0,4.0797,0.0588,0.7353,0,0,0,0,0,0,0,0,https://www.salesforce.com/page/45
57,17,32,1,0,0,7,0,0,0,0,2,0,0,1,0,0,0,0,0,4.3761,0.0351,0.807,0,0,0,0,0,0,0,0,https://stackoverflow.com/questions/tagged/python/page/39
45,24,14,1,2,0,4,0,0,0,0,0,0,0,0,1,0,0,1,4,4.2969,0.0,0.8222,1,0,0,0,0,0,0,1,http://google-account-locked.tk/signin/verify
34,12,6,2,1,0,3,0,1,0,1,0,0,0,1,0,1,0,0,0,4.2117,0.0,0.7353,0,0,0,0,0,1,0,0,https://www.dell.com/en-us?lang=en
39,16,5,2,1,0,3,0,0,0,0,1,0,0,1,0,1,0,0,0,4.2143,0.0256,0.7692,0,0,0,0,0,0,0,0,https://www.linkedin.com/feed#section-6
58,26,15,1,2,0,4,0,1,0,1,6,0,0,0,1,0,0,1,3,4.6029,0.1034,0.7241,1,0,0,0,0,1,0,1,http://netflix-billing-update.xyz/account/update?id=950916
53,11,25,4,1,0,4,0,1,0,1,14,0,1,0,1,0,0,1,3,4.5958,0.2642,0.5094,1,0,0,0,1,1,0,1,http://192.168.1.1/login/account-update.php?id=485709
51,21,23,2,1,0,3,0,0,1,1,4,0,0,0,1,0,0,1,3,4.5228,0.0784,0.7451,1,0,0,0,0,0,0,1,http://credential-verify.win/login.php&session=3626
57,23,27,1,2,0,4,0,0,1,1,4,0,0,0,1,0,0,1,4,4.4971,0.0702,0.7544,1,0,0,0,0,0,0,1,http://confirm-your-account.ml/amazon/signin&session=9617
47,24,6,1,2,0,3,0,1,0,1,6,0,0,0,1,0,0,1,4,4.6393,0.1277,0.6809,1,0,0,0,0,1,0,1,http://secure-banking-update.tk/login?id=699573
38,24,7,2,1,0,3,0,0,0,0,0,0,0,0,1,1,0,1,4,4.0235,0.0,0.8158,1,0,0,0,0,0,0,1,http://secure.update-account.ga/signin
40,14,2,2,0,0,5,0,1,0,1,1,0,0,1,0,1,0,1,1,4.1251,0.025,0.725,0,0,0,0,0,1,0,0,https://www.amazon.com/s?k=laptop/page/8
47,17,14,2,1,0,4,0,1,0,1,0,0,0,1,0,1,0,1,1,4.3128,0.0,0.7872,0,0,0,0,0,1,0,0,https://www.microsoft.com/en-us/windows?lang=en
37,16,5,2,0,0,3,0,1,0,1,0,0,0,1,0,1,0,0,0,4.2497,0.0,0.7838,0,0,0,0,0,1,0,0,https://www.linkedin.com/feed?lang=en
37,24,6,1,2,0,3,0,0,0,0,0,0,0,0,1,0,0,1,4,4.2293,0.0,0.8108,1,0,0,0,0,0,0,1,http://secure-banking-update.tk/login
31,15,0,2,0,0,2,0,1,0,1,0,0,0,1,0,1,0,0,0,4.0636,0.0,0.7742,0,0,0,0,0,1,0,0,https://www.twitter.com?lang=en
32,16,0,2,0,0,2,0,1,0,1,0,0,0,1,0,1,0,1,1,4.2653,0.0,0.7812,0,0,0,0,0,1,0,0,https://www.facebook.com?lang=en
36,12,6,2,2,0,3,0,0,0,0,1,0,0,1,0,1,0,0,0,4.1762,0.0278,0.7222,0,0,0,0,0,0,0,0,https://www.dell.com/en-us#section-4
40,14,8,2,1,0,4,0,0,0,0,1,0,0,1,0,1,0,1,1,4.2276,0.025,0.75,0,0,0,0,0,0,0,0,https://www.paypal.com/us/home#section-4
38,14,8,2,0,0,4,0,1,0,1,0,0,0,1,0,1,0,1,1,4.1883,0.0,0.7632,0,0,0,0,0,1,0,0,https://www.paypal.com/us/home?lang=en
57,20,30,1,2,0,4,0,0,1,1,4,0,0,0,1,0,0,1,4,4.4033,0.0702,0.7544,0,0,0,0,0,0,0,1,http://support-apple-id.com/account/validate&session=9266
57,20,30,1,2,0,3,0,0,1,1,4,0,0,0,1,0,0,1,2,4.5086,0.0702,0.7719,1,0,0,0,0,0,0,1,http://facebook-security.cf/confirm-identity&session=6213
48,24,17,2,2,0,4,0,0,0,0,0,0,0,0,1,1,0,1,4,4.179,0.0,0.8125,0,0,0,0,0,0,0,1,http://www.support-apple-id.com/account/validate
36,13,15,2,0,0,5,0,0,0,0,2,0,0,1,0,1,0,1,1,3.983,0.0556,0.7222,0,0,0,0,0,0,0,0,https://www.apple.com/iphone/page/49
29,16,5,2,0,0,3,0,0,0,0,0,0,0,1,0,1,0,0,0,4.0213,0.0,0.7931,0,0,0,0,0,0,0,0,https://www.linkedin.com/feed
42,10,16,3,1,0,4,0,1,0,1,0,0,0,1,0,1,0,0,0,4.1416,0.0,0.7381,0,0,0,0,0,1,0,0,https://www.hp.com/us-en/home.html?lang=en
33,11,14,2,0,0,5,0,0,0,0,2,0,0,1,0,1,0,0,0,4.1849,0.0606,0.697,0,0,0,0,0,0,0,0,https://www.ibm.com/cloud/page/16
53,13,32,3,0,0,7,0,0,0,0,0,0,0,1,0,1,0,0,0,3.8921,0.0,0.7925,0,0,0,0,0,0,0,0,https://www.intel.com/content/www/us/en/homepage.html
58,24,27,1,2,0,4,0,0,1,1,4,0,0,0,1,0,0,1,4,4.5283,0.069,0.7586,1,0,0,0,0,0,0,1,http://google-account-locked.tk/signin/verify&session=8368
45,16,12,1,1,0,4,0,1,0,1,0,0,0,0,1,0,0,0,0,4.3136,0.0,0.8,1,0,0,0,0,1,0,1,http://dropbox-phish.tk/files/share?token=abc
53,27,7,2,2,0,3,0,1,0,1,1,0,0,0,1,1,0,1,3,4.5481,0.0189,0.7925,0,0,0,0,0,1,0,1,http://www.paypa1-secure-login.com/verify?user=victim
34,15,11,2,0,0,5,0,0,0,0,2,0,0,1,0,1,0,0,0,3.9003,0.0588,0.7059,0,0,0,0,0,0,0,0,https://www.samsung.com/us/page/44
51,15,6,2,0,0,5,0,1,0,1,4,0,0,1,0,1,0,0,0,4.5376,0.0784,0.7255,0,0,0,0,0,1,0,0,https://www.youtube.com/watch?v=dQw4w9WgXcQ/page/37
48,24,7,2,1,0,3,0,1,0,1,6,0,0,0,1,1,0,1,4,4.4749,0.125,0.6875,1,0,0,0,0,1,0,1,http://secure.update-account.ga/signin?id=971728
49,20,22,1,2,0,5,0,0,0,0,0,0,0,0,1,0,0,1,3,4.0896,0.0,0.8163,1,0,0,0,0,0,0,1,http://chase-bank-login.xyz/online/banking/signin
58,24,27,1,2,0,4,0,0,1,1,4,0,0,0,1,0,0,1,4,4.5628,0.069,0.7586,1,0,0,0,0,0,0,1,http://google-account-locked.tk/signin/verify&session=1782
34,6,11,1,0,0,3,0,1,0,1,8,0,0,0,1,0,1,0,0,4.3294,0.2353,0.5588,1,0,0,0,0,1,0,1,http://bit.ly/3xPhish1ng?id=779112
35,14,13,2,0,0,5,0,0,0,0,2,0,0,1,0,1,0,0,0,4.0903,0.0571,0.7143,0,0,0,0,0,0,0,0,https://www.oracle.com/java/page/48
65,33,15,2,3,0,3,0,1,0,1,6,0,0,0,1,1,0,1,5,4.5569,0.0923,0.7385,0,0,0,0,0,1,0,1,http://login.microsoft-support-alert.com/password-reset?id=675462
54,30,7,3,1,0,3,0,1,0,1,6,0,0,0,1,2,0,1,2,4.5671,0.1111,0.7037,1,0,0,0,0,1,0,1,http://paypal.com.malicious-domain.ru/wallet?id=550961
30,14,8,2,0,0,4,0,0,0,0,0,0,0,1,0,1,0,1,1,3.8566,0.0,0.7667,0,0,0,0,0,0,0,0,https://www.paypal.com/us/home
52,30,15,2,2,0,4,0,0,0,0,0,0,0,0,1,1,0,1,3,4.3245,0.0,0.8269,1,0,0,0,0,0,0,1,http://www.netflix-billing-update.xyz/account/update
53,15,6,2,1,0,3,0,1,0,1,3,0,0,1,0,1,0,0,0,4.6217,0.0566,0.7547,0,0,0,0,0,1,0,0,https://www.youtube.com/watch?v=dQw4w9WgXcQ#section-4
40,15,7,2,1,0,3,0,0,0,0,1,0,0,1,0,1,0,1,1,4.2464,0.025,0.775,0,0,0,0,0,0,0,0,https://www.netflix.com/browse#section-1
25,11,6,2,0,0,3,0,0,0,0,0,0,0,1,0,1,0,0,0,3.8635,0.0,0.76,0,0,0,0,0,0,0,0,https://www.ibm.com/cloud
49,35,7,3,2,0,3,0,0,0,0,0,0,0,0,1,2,0,1,1,4.167,0.0,0.8163,0,0,0,0,0,0,0,1,http://www.www-paypal-com.phishingsite.com/webscr
32,16,8,2,0,0,4,0,0,0,0,2,0,0,1,0,1,0,1,1,4.0778,0.0625,0.7188,0,0,0,0,0,0,0,0,https://www.facebook.com/page/45
26,12,6,2,1,0,3,0,0,0,0,0,0,0,1,0,1,0,0,0,3.9501,0.0,0.7308,0,0,0,0,0,0,0,0,https://www.dell.com/en-us
47,24,6,1,2,0,3,0,1,0,1,6,0,0,0,1,0,0,1,4,4.6393,0.1277,0.6809,1,0,0,0,0,1,0,1,http://secure-banking-update.tk/login?id=146489
45,15,22,2,1,0,6,0,0,0,0,2,0,0,1,0,1,0,0,0,4.4302,0.0444,0.7333,0,0,0,0,0,0,0,0,https://www.mozilla.org/en-US/firefox/page/25
63,13,32,3,1,0,7,0,0,0,0,1,0,0,1,0,1,0,0,0,4.0772,0.0159,0.7778,0,0,0,0,0,0,0,0,https://www.intel.com/content/www/us/en/homepage.html#section-7
54,20,17,1,2,0,4,0,1,0,1,6,0,0,0,1,0,0,1,4,4.5282,0.1111,0.7037,0,0,0,0,0,1,0,1,http://support-apple-id.com/account/validate?id=924718
56,11,38,4,1,0,4,0,0,1,1,12,0,1,0,1,0,0,1,3,4.4812,0.2143,0.5714,1,0,0,0,0,0,0,1,http://192.168.1.1/login/account-update.php&session=6766
36,13,7,2,0,0,3,0,1,0,1,0,0,0,1,0,1,0,1,1,4.086,0.0,0.7778,0,0,0,0,0,1,0,0,https://www.apple.com/iphone?lang=en
47,17,14,2,1,0,4,0,1,0,1,0,0,0,1,0,1,0,1,1,4.3128,0.0,0.7872,0,0,0,0,0,1,0,0,https://www.microsoft.com/en-us/windows?lang=en
51,24,20,2,1,0,3,0,0,1,1,4,0,0,0,1,1,0,1,4,4.3512,0.0784,0.7451,1,0,0,0,0,0,0,1,http://secure.update-account.ga/signin&session=6153
47,24,6,1,2,0,3,0,1,0,1,6,0,0,0,1,0,0,1,4,4.6393,0.1277,0.6809,1,0,0,0,0,1,0,1,http://secure-banking-update.tk/login?id=940247
35,14,5,2,0,0,3,0,1,0,1,0,0,0,1,0,1,0,0,0,4.229,0.0,0.7714,0,0,0,0,0,1,0,0,https://www.oracle.com/java?lang=en
55,24,14,1,2,0,4,0,1,0,1,6,0,0,0,1,0,0,1,4,4.6719,0.1091,0.7091,1,0,0,0,0,1,0,1,http://google-account-locked.tk/signin/verify?id=278240
57,17,22,2,1,1,4,0,0,0,0,1,0,0,1,0,1,0,0,0,4.3045,0.0175,0.807,0,0,0,0,0,0,0,0,https://www.wikipedia.org/wiki/Machine_learning#section-8
47,33,7,3,1,0,3,0,0,0,0,0,0,0,0,1,2,0,1,5,4.2137,0.0,0.8298,1,0,0,0,0,0,0,1,http://secure.paypal.account-verify.club/wallet
49,15,26,3,0,0,7,0,0,0,0,3,0,0,1,0,1,0,0,0,4.2541,0.0612,0.7143,0,0,0,0,0,0,0,0,https://docs.python.org/3/library/re.html/page/49
60,23,7,1,2,0,3,0,2,0,2,9,0,0,0,1,0,0,1,4,4.7505,0.15,0.6667,1,0,0,0,0,1,0,1,http://apple-id-verify.support/unlock?token=abc123?id=827712
33,17,0,2,0,0,2,0,1,0,1,0,0,0,1,0,1,0,1,1,4.165,0.0,0.7879,0,0,0,0,0,1,0,0,https://www.instagram.com?lang=en
60,24,29,1,2,0,4,0,0,1,1,4,0,0,0,1,0,0,1,4,4.6188,0.0667,0.7667,1,0,0,0,0,0,0,1,http://update-your-password.xyz/microsoft/login&session=9693
35,17,0,2,1,0,2,0,0,0,0,1,0,0,1,0,1,0,1,1,4.1719,0.0286,0.7714,0,0,0,0,0,0,0,0,https://www.instagram.com#section-1
55,17,22,2,0,1,4,0,1,0,1,0,0,0,1,0,1,0,0,0,4.2245,0.0,0.8182,0,0,0,0,0,1,0,0,https://www.wikipedia.org/wiki/Machine_learning?lang=en
30,15,7,2,0,0,3,0,0,0,0,0,0,0,1,0,1,0,1,1,4.0566,0.0,0.8,0,0,0,0,0,0,0,0,https://www.netflix.com/browse
36,15,14,4,0,0,4,0,0,0,0,8,0,0,0,1,4,0,1,2,4.2947,0.2222,0.5278,1,0,0,0,0,0,0,1,http://www.12.34.56.78/login/banking
53,13,32,3,0,0,7,0,0,0,0,0,0,0,1,0,1,0,0,0,3.8921,0.0,0.7925,0,0,0,0,0,0,0,0,https://www.intel.com/content/www/us/en/homepage.html
49,15,18,3,0,0,5,0,1,0,1,1,0,0,1,0,1,0,0,0,4.3212,0.0204,0.7551,0,0,0,0,0,1,0,0,https://docs.python.org/3/library/re.html?lang=en
39,14,9,2,0,0,3,0,1,0,1,0,0,0,1,0,1,0,0,0,4.3043,0.0,0.7949,0,0,0,0,0,1,0,0,https://www.github.com/trending?lang=en
61,13,32,3,0,0,7,0,1,0,1,0,0,0,1,0,1,0,0,0,4.0379,0.0,0.7869,0,0,0,0,0,1,0,0,https://www.intel.com/content/www/us/en/homepage.html?lang=en
38,14,16,2,0,0,6,0,0,0,0,1,0,0,1,0,1,0,0,0,3.9778,0.0263,0.7368,0,0,0,0,0,0,0,0,https://www.reddit.com/r/netsec/page/5
34,15,3,2,0,0,3,0,1,0,1,0,0,0,1,0,1,0,0,0,4.0797,0.0,0.7647,0,0,0,0,0,1,0,0,https://www.samsung.com/us?lang=en
53,24,22,2,2,0,5,0,0,0,0,0,0,0,0,1,1,0,1,3,4.1905,0.0,0.8113,1,0,0,0,0,0,0,1,http://www.chase-bank-login.xyz/online/banking/signin
51,32,12,3,2,0,4,0,0,0,0,0,0,0,0,1,2,0,1,4,4.2727,0.0,0.8039,1,0,0,0,0,0,0,1,http://www.www.secure-login-update.info/bank/signin
65,23,35,2,2,0,4,0,0,1,1,4,0,0,0,1,0,0,1,1,4.6416,0.0615,0.7692,1,0,0,0,0,0,0,1,http://fake-antivirus-alert.ml/download/security.exe&session=8532
47,15,25,5,1,0,4,0,0,0,0,8,0,0,0,1,4,0,1,3,4.2702,0.1702,0.5957,1,0,0,0,1,0,0,1,http://www.192.168.1.1/login/account-update.php
29,16,5,2,0,0,3,0,0,0,0,0,0,0,1,0,1,0,0,0,4.0213,0.0,0.7931,0,0,0,0,0,0,0,0,https://www.linkedin.com/feed
61,13,32,3,0,0,7,0,1,0,1,0,0,0,1,0,1,0,0,0,4.0379,0.0,0.7869,0,0,0,0,0,1,0,0,https://www.intel.com/content/www/us/en/homepage.html?lang=en
37,14,5,2,1,0,3,0,0,0,0,1,0,0,1,0,1,0,0,0,4.2762,0.027,0.7568,0,0,0,0,0,0,0,0,https://www.oracle.com/java#section-3
42,25,10,3,1,0,3,0,0,0,0,0,0,0,0,1,1,0,1,3,4.1892,0.0,0.8095,1,0,0,0,1,0,0,1,http://www.credential-verify.win/login.php
26,15,3,2,0,0,3,0,0,0,0,0,0,0,1,0,1,0,0,0,3.7193,0.0,0.7692,0,0,0,0,0,0,0,0,https://www.samsung.com/us
41,28,6,2,2,0,3,0,0,0,0,0,0,0,0,1,1,0,1,4,4.3083,0.0,0.8049,1,0,0,0,0,0,0,1,http://www.secure-banking-update.tk/login
55,16,12,1,1,0,4,0,2,0,2,6,0,0,0,1,0,0,0,0,4.6218,0.1091,0.6909,1,0,0,0,0,1,0,1,http://dropbox-phish.tk/files/share?token=abc?id=856215
42,11,23,2,0,0,6,0,0,0,0,1,0,0,1,0,1,0,0,0,4.0464,0.0238,0.7619,0,0,0,0,0,0,0,0,https://www.bbc.com/news/technology/page/6
44,10,16,3,2,0,4,0,0,0,0,1,0,0,1,0,1,0,0,0,4.0838,0.0227,0.7273,0,0,0,0,0,0,0,0,https://www.hp.com/us-en/home.html#section-1
42,12,11,3,0,1,4,0,1,0,1,0,0,0,1,0,1,0,0,0,4.2611,0.0,0.7381,0,0,0,0,0,1,0,0,https://www.ebay.com/sch/i.html?_nkw=phone
34,18,8,2,0,0,4,0,0,0,0,2,0,0,1,0,1,0,0,0,4.0797,0.0588,0.7353,0,0,0,0,0,0,0,0,https://www.salesforce.com/page/14
40,15,7,2,1,0,3,0,0,0,0,1,0,0,1,0,1,0,1,1,4.2464,0.025,0.775,0,0,0,0,0,0,0,0,https://www.netflix.com/browse#section-2
38,23,8,1,2,0,3,0,0,0,0,0,0,0,0,1,0,0,1,3,4.2211,0.0,0.8158,1,0,0,0,0,0,0,1,http://twitter-login-verify.ml/account
28,10,11,2,0,0,3,0,0,0,0,2,0,0,0,1,1,0,0,0,3.9852,0.0714,0.7143,1,0,0,0,0,0,0,1,http://www.bit.ly/3xPhish1ng
46,24,6,1,2,0,3,0,1,0,1,5,0,0,0,1,0,0,1,1,4.249,0.1087,0.6957,1,0,0,0,0,1,0,1,http://prize-winner-confirm.win/claim?id=99999
27,14,5,2,0,0,3,0,0,0,0,0,0,0,1,0,1,0,0,0,3.9303,0.0,0.7778,0,0,0,0,0,0,0,0,https://www.oracle.com/java
35,14,5,2,0,0,3,0,1,0,1,0,0,0,1,0,1,0,0,0,4.229,0.0,0.7714,0,0,0,0,0,1,0,0,https://www.oracle.com/java?lang=en
52,23,22,2,2,0,4,0,0,0,0,0,0,0,0,1,0,0,1,1,4.4027,0.0,0.8269,1,0,0,0,1,0,0,1,http://fake-antivirus-alert.ml/download/security.exe
41,14,2,2,0,0,5,0,1,0,1,2,0,0,1,0,1,0,1,1,4.1899,0.0488,0.7073,0,0,0,0,0,1,0,0,https://www.amazon.com/s?k=laptop/page/30
39,17,14,2,1,0,4,0,0,0,0,0,0,0,1,0,1,0,1,1,3.994,0.0,0.7949,0,0,0,0,0,0,0,0,https://www.microsoft.com/en-us/windows
54,20,17,1,2,0,4,0,1,0,1,6,0,0,0,1,0,0,1,4,4.4542,0.1111,0.7037,0,0,0,0,0,1,0,1,http://support-apple-id.com/account/validate?id=853448
34,12,14,2,1,0,5,0,0,0,0,2,0,0,1,0,1,0,0,0,4.1722,0.0588,0.6765,0,0,0,0,0,0,0,0,https://www.dell.com/en-us/page/29
41,14,2,2,0,0,3,0,2,0,2,0,0,0,1,0,1,0,1,1,4.1739,0.0,0.7561,0,0,0,0,0,1,0,0,https://www.amazon.com/s?k=laptop?lang=en
54,20,17,1,2,0,4,0,1,0,1,6,0,0,0,1,0,0,1,4,4.4912,0.1111,0.7037,0,0,0,0,0,1,0,1,http://support-apple-id.com/account/validate?id=693830
53,13,24,3,0,0,4,0,1,0,1,0,0,0,1,0,1,0,0,0,4.2301,0.0,0.8113,0,0,0,0,0,1,0,0,https://www.adobe.com/products/photoshop.html?lang=en
27,14,5,2,0,0,3,0,0,0,0,0,0,0,1,0,1,0,0,0,3.9303,0.0,0.7778,0,0,0,0,0,0,0,0,https://www.oracle.com/java
54,20,17,1,2,0,3,0,1,0,1,6,0,0,0,1,0,0,1,2,4.6023,0.1111,0.7222,1,0,0,0,0,1,0,1,http://facebook-security.cf/confirm-identity?id=940181
45,15,14,2,1,0,4,0,1,0,1,0,0,0,1,0,1,0,0,0,4.4746,0.0,0.7778,0,0,0,0,0,1,0,0,https://www.mozilla.org/en-US/firefox?lang=en
55,13,24,3,1,0,4,0,0,0,0,1,0,0,1,0,1,0,0,0,4.1918,0.0182,0.8,0,0,0,0,0,0,0,0,https://www.adobe.com/products/photoshop.html#section-2
43,11,16,2,0,0,4,0,1,0,1,0,0,0,1,0,1,0,0,0,4.1467,0.0,0.7907,0,0,0,0,0,1,0,0,https://www.bbc.com/news/technology?lang=en
54,27,20,1,2,0,3,0,0,1,1,4,0,0,0,1,0,0,1,4,4.4299,0.0741,0.7593,1,0,0,0,0,0,0,1,http://amazon-account-suspended.ml/signin&session=5806
53,13,32,3,0,0,6,0,0,0,0,2,0,0,1,0,1,0,0,0,4.0958,0.0377,0.7736,0,0,0,0,0,0,0,0,https://www.adobe.com/products/photoshop.html/page/30
34,18,0,2,0,0,2,0,1,0,1,0,0,0,1,0,1,0,0,0,4.1973,0.0,0.7941,0,0,0,0,0,1,0,0,https://www.salesforce.com?lang=en
43,22,14,2,2,0,3,0,0,0,0,0,0,0,0,1,0,0,1,3,4.3243,0.0,0.814,1,0,0,0,0,0,0,1,http://ebay-account-verify.ga/ebayisapi.dll
42,11,14,3,0,0,4,0,1,0,1,14,0,1,0,1,0,0,1,2,4.4813,0.3333,0.4286,1,0,0,0,0,1,0,1,http://12.34.56.78/login/banking?id=494468
52,30,15,2,2,0,4,0,0,0,0,0,0,0,0,1,1,0,1,3,4.3245,0.0,0.8269,1,0,0,0,0,0,0,1,http://www.netflix-billing-update.xyz/account/update
38,14,16,2,0,0,6,0,0,0,0,2,0,0,1,0,1,0,1,1,4.0106,0.0526,0.7105,0,0,0,0,0,0,0,0,https://www.paypal.com/us/home/page/38
57,20,30,1,2,0,3,0,0,1,1,4,0,0,0,1,0,0,1,2,4.5086,0.0702,0.7719,1,0,0,0,0,0,0,1,http://facebook-security.cf/confirm-identity&session=3870
62,23,7,1,2,0,3,0,1,1,2,5,0,0,0,1,0,0,1,3,4.642,0.0806,0.7419,0,0,0,0,0,2,0,1,http://paypa1-secure-login.com/verify?user=victim&session=2646
51,15,18,3,1,0,5,0,0,0,0,2,0,0,1,0,1,0,0,0,4.31,0.0392,0.7451,0,0,0,0,0,0,0,0,https://docs.python.org/3/library/re.html#section-3
46,13,25,2,0,0,8,0,0,0,0,2,0,0,1,0,1,0,0,0,4.0316,0.0435,0.7174,0,0,0,0,0,0,0,0,https://www.cisco.com/c/en/us/products/page/12
51,15,6,2,0,0,3,0,2,0,2,2,0,0,1,0,1,0,0,0,4.5936,0.0392,0.7647,0,0,0,0,0,1,0,0,https://www.youtube.com/watch?v=dQw4w9WgXcQ?lang=en
51,37,7,4,1,0,3,0,0,0,0,0,0,0,0,1,3,0,1,5,4.2163,0.0,0.8235,1,0,0,0,0,0,0,1,http://www.secure.paypal.account-verify.club/wallet
42,19,16,1,2,0,3,0,0,0,0,0,0,0,0,1,0,0,1,4,4.2462,0.0,0.8333,1,0,0,0,0,0,0,1,http://instagram-verify.tk/account-confirm
47,24,16,1,2,0,4,0,0,0,0,0,0,0,0,1,0,0,1,4,4.4083,0.0,0.8298,1,0,0,0,0,0,0,1,http://update-your-password.xyz/microsoft/login
60,33,20,3,1,0,3,0,0,1,1,4,0,0,0,1,2,0,1,5,4.5297,0.0667,0.7667,1,0,0,0,0,0,0,1,http://secure.paypal.account-verify.club/wallet&session=8682
33,14,2,2,0,0,3,0,1,0,1,0,0,0,1,0,1,0,1,1,3.9981,0.0,0.7576,0,0,0,0,0,1,0,0,https://www.amazon.com/s?k=laptop
40,14,8,2,1,0,4,0,0,0,0,1,0,0,1,0,1,0,1,1,4.2276,0.025,0.75,0,0,0,0,0,0,0,0,https://www.paypal.com/us/home#section-4
60,28,25,2,2,0,4,0,0,1,1,4,0,0,0,1,1,0,1,4,4.557,0.0667,0.75,1,0,0,0,0,0,0,1,http://www.secure-login-update.info/bank/signin&session=3068
56,22,27,2,2,0,3,0,0,1,1,4,0,0,0,1,0,0,1,3,4.631,0.0714,0.75,1,0,0,0,0,0,0,1,http://ebay-account-verify.ga/ebayisapi.dll&session=7684
50,24,19,1,2,0,3,0,0,1,1,4,0,0,0,1,0,0,1,4,4.4537,0.08,0.74,1,0,0,0,0,0,0,1,http://secure-banking-update.tk/login&session=2323
30,14,8,2,0,0,4,0,0,0,0,0,0,0,1,0,1,0,1,1,3.8566,0.0,0.7667,0,0,0,0,0,0,0,0,https://www.paypal.com/us/home
39,14,9,2,0,0,4,0,1,0,1,0,0,0,1,0,1,0,0,0,4.1698,0.0,0.7692,0,0,0,0,0,1,0,0,https://www.reddit.com/r/netsec?lang=en
37,15,14,2,1,0,4,0,0,0,0,0,0,0,1,0,1,0,0,0,4.3578,0.0,0.7838,0,0,0,0,0,0,0,0,https://www.mozilla.org/en-US/firefox
38,15,15,2,0,0,5,0,0,0,0,2,0,0,1,0,1,0,1,1,4.2711,0.0526,0.7368,0,0,0,0,0,0,0,0,https://www.netflix.com/browse/page/50
54,20,17,1,2,0,3,0,1,0,1,6,0,0,0,1,0,0,1,2,4.5653,0.1111,0.7222,1,0,0,0,0,1,0,1,http://facebook-security.cf/confirm-identity?id=751051
51,28,16,2,2,0,4,0,0,0,0,0,0,0,0,1,1,0,1,4,4.42,0.0,0.8235,1,0,0,0,0,0,0,1,http://www.update-your-password.xyz/microsoft/login
38,13,7,2,1,0,3,0,0,0,0,1,0,0,1,0,1,0,1,1,4.096,0.0263,0.7632,0,0,0,0,0,0,0,0,https://www.apple.com/iphone#section-2
46,13,25,2,0,0,8,0,0,0,0,2,0,0,1,0,1,0,0,0,4.0316,0.0435,0.7174,0,0,0,0,0,0,0,0,https://www.cisco.com/c/en/us/products/page/38
59,24,6,1,2,0,3,0,1,1,2,9,0,0,0,1,0,0,1,1,4.4947,0.1525,0.661,1,0,0,0,0,2,0,1,http://prize-winner-confirm.win/claim?id=99999&session=2121
48,24,17,2,2,0,4,0,0,0,0,0,0,0,0,1,1,0,1,4,4.179,0.0,0.8125,0,0,0,0,0,0,0,1,http://www.support-apple-id.com/account/validate
30,14,8,2,0,0,4,0,0,0,0,2,0,0,1,0,1,0,1,1,3.8981,0.0667,0.7,0,0,0,0,0,0,0,0,https://www.google.com/page/37
38,14,16,2,0,0,5,0,0,0,0,1,0,0,1,0,1,0,0,0,4.1658,0.0263,0.7632,0,0,0,0,0,0,0,0,https://www.github.com/trending/page/3
38,23,8,1,2,0,3,0,0,0,0,0,0,0,0,1,0,0,1,3,4.2211,0.0,0.8158,1,0,0,0,0,0,0,1,http://twitter-login-verify.ml/account
50,23,7,1,2,0,3,0,1,0,1,3,0,0,0,1,0,0,1,4,4.6064,0.06,0.76,1,0,0,0,0,1,0,1,http://apple-id-verify.support/unlock?token=abc123
48,21,10,2,1,0,3,0,1,0,1,6,0,0,0,1,0,0,1,3,4.5561,0.125,0.6875,1,0,0,0,1,1,0,1,http://credential-verify.win/login.php?id=115582
54,27,20,1,2,0,3,0,0,1,1,4,0,0,0,1,0,0,1,4,4.3929,0.0741,0.7593,1,0,0,0,0,0,0,1,http://amazon-account-suspended.ml/signin&session=8606
67,23,37,1,1,0,5,0,0,1,1,4,0,0,0,1,0,0,1,4,4.4351,0.0597,0.791,1,0,0,0,0,0,0,1,http://microsoft-alert.support/windows/security/update&session=6850
42,19,16,1,2,0,3,0,0,0,0,0,0,0,0,1,0,0,1,4,4.2462,0.0,0.8333,1,0,0,0,0,0,0,1,http://instagram-verify.tk/account-confirm
24,6,11,1,0,0,3,0,0,0,0,2,0,0,0,1,0,1,0,0,3.9073,0.0833,0.7083,1,0,0,0,0,0,0,1,http://bit.ly/3xPhish1ng
30,15,7,2,0,0,3,0,0,0,0,0,0,0,1,0,1,0,1,1,4.0566,0.0,0.8,0,0,0,0,0,0,0,0,https://www.netflix.com/browse
42,27,8,2,2,0,3,0,0,0,0,0,0,0,0,1,1,0,1,3,4.2252,0.0,0.8095,1,0,0,0,0,0,0,1,http://www.twitter-login-verify.ml/account
39,14,9,2,0,0,4,0,1,0,1,0,0,0,1,0,1,0,0,0,4.1698,0.0,0.7692,0,0,0,0,0,1,0,0,https://www.reddit.com/r/netsec?lang=en
48,24,7,2,1,0,3,0,1,0,1,6,0,0,0,1,1,0,1,4,4.5165,0.125,0.6875,1,0,0,0,0,1,0,1,http://secure.update-account.ga/signin?id=897143
34,18,8,2,0,0,4,0,0,0,0,2,0,0,1,0,1,0,0,0,4.2417,0.0588,0.7353,0,0,0,0,0,0,0,0,https://www.cloudflare.com/page/38
50,12,11,3,0,1,4,0,2,0,2,0,0,0,1,0,1,0,0,0,4.3586,0.0,0.74,0,0,0,0,0,1,0,0,https://www.ebay.com/sch/i.html?_nkw=phone?lang=en
48,34,7,4,1,0,3,0,0,0,0,0,0,0,0,1,3,0,1,2,4.1654,0.0,0.8125,1,0,0,0,0,0,0,1,http://www.paypal.com.malicious-domain.ru/wallet
37,15,6,2,0,0,3,0,1,0,1,0,0,0,1,0,1,0,1,1,4.3374,0.0,0.7838,0,0,0,0,0,1,0,0,https://www.dropbox.com/login?lang=en
42,28,7,3,1,0,3,0,0,0,0,0,0,0,0,1,2,0,1,4,4.1057,0.0,0.8095,1,0,0,0,0,0,0,1,http://www.secure.update-account.ga/signin
36,15,14,4,0,0,4,0,0,0,0,8,0,0,0,1,4,0,1,2,4.2947,0.2222,0.5278,1,0,0,0,0,0,0,1,http://www.12.34.56.78/login/banking
44,23,14,1,2,0,4,0,0,0,0,0,0,0,0,1,0,0,1,4,4.1552,0.0,0.8182,1,0,0,0,0,0,0,1,http://confirm-your-account.ml/amazon/signin
54,27,7,2,2,0,3,0,1,0,1,3,0,0,0,1,1,0,1,4,4.6692,0.0556,0.7593,1,0,0,0,0,1,0,1,http://www.apple-id-verify.support/unlock?token=abc123
29,14,7,2,0,0,4,0,0,0,0,1,0,0,1,0,1,0,1,1,3.8144,0.0345,0.7241,0,0,0,0,0,0,0,0,https://www.google.com/page/1
23,15,0,2,0,0,2,0,0,0,0,0,0,0,1,0,1,0,0,0,3.4971,0.0,0.7826,0,0,0,0,0,0,0,0,https://www.twitter.com
58,26,15,1,2,0,4,0,1,0,1,6,0,0,0,1,0,0,1,3,4.5684,0.1034,0.7241,1,0,0,0,0,1,0,1,http://netflix-billing-update.xyz/account/update?id=926952
52,19,16,1,2,0,3,0,1,0,1,6,0,0,0,1,0,0,1,4,4.6354,0.1154,0.7115,1,0,0,0,0,1,0,1,http://instagram-verify.tk/account-confirm?id=141043
38,15,7,2,0,0,3,0,1,0,1,0,0,0,1,0,1,0,1,1,4.3264,0.0,0.7895,0,0,0,0,0,1,0,0,https://www.netflix.com/browse?lang=en
53,13,32,3,0,0,7,0,0,0,0,0,0,0,1,0,1,0,0,0,3.8921,0.0,0.7925,0,0,0,0,0,0,0,0,https://www.intel.com/content/www/us/en/homepage.html
37,6,24,1,0,0,3,0,0,1,1,6,0,0,0,1,0,1,0,0,4.317,0.1622,0.6486,1,0,0,0,0,0,0,1,http://bit.ly/3xPhish1ng&session=5193
30,14,8,2,0,0,4,0,0,0,0,0,0,0,1,0,1,0,1,1,3.8566,0.0,0.7667,0,0,0,0,0,0,0,0,https://www.paypal.com/us/home
47,15,25,5,1,0,4,0,0,0,0,8,0,0,0,1,4,0,1,3,4.2702,0.1702,0.5957,1,0,0,0,1,0,0,1,http://www.192.168.1.1/login/account-update.php
43,14,2,2,1,0,3,0,1,0,1,1,0,0,1,0,1,0,1,1,4.3152,0.0233,0.7442,0,0,0,0,0,1,0,0,https://www.amazon.com/s?k=laptop#section-7
36,18,0,2,1,0,2,0,0,0,0,1,0,0,1,0,1,0,0,0,4.1762,0.0278,0.7778,0,0,0,0,0,0,0,0,https://www.salesforce.com#section-1
41,14,9,2,1,0,4,0,0,0,0,1,0,0,1,0,1,0,0,0,4.0435,0.0244,0.7561,0,0,0,0,0,0,0,0,https://www.reddit.com/r/netsec#section-8
57,23,27,1,2,0,4,0,0,1,1,4,0,0,0,1,0,0,1,4,4.462,0.0702,0.7544,1,0,0,0,0,0,0,1,http://confirm-your-account.ml/amazon/signin&session=9443
33,17,8,2,0,0,4,0,0,0,0,2,0,0,1,0,1,0,1,1,4.0667,0.0606,0.7273,0,0,0,0,0,0,0,0,https://www.instagram.com/page/17
37,18,0,2,1,0,2,0,0,0,0,2,0,0,1,0,1,0,0,0,4.2426,0.0541,0.7568,0,0,0,0,0,0,0,0,https://www.salesforce.com#section-10
52,19,16,1,2,0,3,0,1,0,1,6,0,0,0,1,0,0,1,4,4.6354,0.1154,0.7115,1,0,0,0,0,1,0,1,http://instagram-verify.tk/account-confirm?id=405420
42,11,14,3,0,0,4,0,1,0,1,14,0,1,0,1,0,0,1,2,4.4453,0.3333,0.4286,1,0,0,0,0,1,0,1,http://12.34.56.78/login/banking?id=731661
54,19,6,1,2,0,3,0,1,0,1,0,0,0,0,1,0,0,1,1,4.2168,0.0,0.8333,1,0,0,0,0,1,0,1,http://steam-free-items.gq/login?redirect=steampowered
43,29,7,3,1,0,3,0,0,0,0,0,0,0,0,1,2,0,1,2,4.2313,0.0,0.814,1,0,0,0,0,0,0,1,http://paypal.cf.malicious-domain.ru/wallet
35,17,0,2,1,0,2,0,0,0,0,1,0,0,1,0,1,0,1,1,4.1719,0.0286,0.7714,0,0,0,0,0,0,0,0,https://www.instagram.com#section-3
58,23,6,2,2,0,3,0,1,0,1,0,0,0,0,1,1,0,1,1,4.2535,0.0,0.8276,1,0,0,0,0,1,0,1,http://www.steam-free-items.gq/login?redirect=steampowered
28,10,11,2,0,0,3,0,0,0,0,2,0,0,0,1,1,0,0,0,3.9852,0.0714,0.7143,1,0,0,0,0,0,0,1,http://www.bit.ly/3xPhish1ng
37,24,6,1,2,0,3,0,0,0,0,0,0,0,0,1,0,0,1,4,4.2293,0.0,0.8108,1,0,0,0,0,0,0,1,http://secure-banking-update.tk/login
51,23,21,1,2,0,3,0,0,1,1,4,0,0,0,1,0,0,1,3,4.5884,0.0784,0.7451,1,0,0,0,0,0,0,1,http://twitter-login-verify.ml/account&session=6780
48,22,7,1,2,0,3,0,1,0,1,1,0,0,0,1,0,0,1,3,4.4804,0.0208,0.7917,1,0,0,0,0,1,0,1,http://paypa1-secure-login.ml/verify?user=victim
48,23,8,1,2,0,3,0,1,0,1,6,0,0,0,1,0,0,1,3,4.6628,0.125,0.6875,1,0,0,0,0,1,0,1,http://twitter-login-verify.ml/account?id=502219
49,35,7,3,2,0,3,0,0,0,0,0,0,0,0,1,2,0,1,1,4.167,0.0,0.8163,0,0,0,0,0,0,0,1,http://www.www-paypal-com.phishingsite.com/webscr
34,16,0,2,1,0,2,0,0,0,0,1,0,0,1,0,1,0,1,1,4.1973,0.0294,0.7647,0,0,0,0,0,0,0,0,https://www.facebook.com#section-8
55,31,7,2,2,0,3,0,1,0,1,6,0,0,0,1,1,0,1,1,4.6582,0.1091,0.7091,0,0,0,0,0,1,0,1,http://www-paypal-com.phishingsite.com/webscr?id=726258
57,17,24,1,0,0,5,0,1,0,1,0,0,0,1,0,0,0,0,0,4.4252,0.0,0.8421,0,0,0,0,0,1,0,0,https://stackoverflow.com/questions/tagged/python?lang=en
47,15,25,5,1,0,4,0,0,0,0,8,0,0,0,1,4,0,1,3,4.2702,0.1702,0.5957,1,0,0,0,1,0,0,1,http://www.192.168.1.1/login/account-update.php
48,21,10,2,1,0,3,0,1,0,1,6,0,0,0,1,0,0,1,3,4.5561,0.125,0.6875,1,0,0,0,1,1,0,1,http://credential-verify.win/login.php?id=143941
48,27,14,2,2,0,4,0,0,0,0,0,0,0,0,1,1,0,1,4,4.2487,0.0,0.8125,1,0,0,0,0,0,0,1,http://www.confirm-your-account.ml/amazon/signin
26,18,0,2,0,0,2,0,0,0,0,0,0,0,1,0,1,0,0,0,4.056,0.0,0.8077,0,0,0,0,0,0,0,0,https://www.cloudflare.com
42,12,11,3,0,1,4,0,1,0,1,0,0,0,1,0,1,0,0,0,4.2611,0.0,0.7381,0,0,0,0,0,1,0,0,https://www.ebay.com/sch/i.html?_nkw=phone
61,26,28,1,2,0,4,0,0,1,1,4,0,0,0,1,0,0,1,3,4.5982,0.0656,0.7705,1,0,0,0,0,0,0,1,http://netflix-billing-update.xyz/account/update&session=1609
23,15,0,2,0,0,2,0,0,0,0,0,0,0,1,0,1,0,0,0,3.4971,0.0,0.7826,0,0,0,0,0,0,0,0,https://www.twitter.com
31,14,9,2,0,0,3,0,0,0,0,0,0,0,1,0,1,0,0,0,4.0668,0.0,0.8065,0,0,0,0,0,0,0,0,https://www.github.com/trending
36,12,6,2,2,0,3,0,0,0,0,1,0,0,1,0,1,0,0,0,4.1762,0.0278,0.7222,0,0,0,0,0,0,0,0,https://www.dell.com/en-us#section-8
58,24,27,1,2,0,4,0,0,1,1,4,0,0,0,1,0,0,1,4,4.5628,0.069,0.7586,1,0,0,0,0,0,0,1,http://google-account-locked.tk/signin/verify&session=2874
50,28,6,2,2,0,3,0,1,0,1,5,0,0,0,1,1,0,1,1,4.2391,0.1,0.7,1,0,0,0,0,1,0,1,http://www.prize-winner-confirm.win/claim?id=99999
49,28,14,2,2,0,4,0,0,0,0,0,0,0,0,1,1,0,1,4,4.3794,0.0,0.8163,1,0,0,0,0,0,0,1,http://www.google-account-locked.tk/signin/verify
58,16,12,1,1,0,4,0,1,1,2,4,0,0,0,1,0,0,0,0,4.4956,0.069,0.7414,1,0,0,0,0,2,0,1,http://dropbox-phish.tk/files/share?token=abc&session=3306
34,12,14,2,1,0,5,0,0,0,0,2,0,0,1,0,1,0,0,0,4.1722,0.0588,0.6765,0,0,0,0,0,0,0,0,https://www.dell.com/en-us/page/15
37,14,5,2,1,0,3,0,0,0,0,1,0,0,1,0,1,0,0,0,4.2762,0.027,0.7568,0,0,0,0,0,0,0,0,https://www.oracle.com/java#section-2
38,14,16,2,0,0,5,0,0,0,0,1,0,0,1,0,1,0,0,0,4.1658,0.0263,0.7632,0,0,0,0,0,0,0,0,https://www.github.com/trending/page/6
31,15,8,2,0,0,4,0,0,0,0,2,0,0,1,0,1,0,0,0,3.87,0.0645,0.7097,0,0,0,0,0,0,0,0,https://www.twitter.com/page/20
62,23,22,2,2,0,4,0,1,0,1,6,0,0,0,1,0,0,1,1,4.7367,0.0968,0.7258,1,0,0,0,1,1,0,1,http://fake-antivirus-alert.ml/download/security.exe?id=129556
36,15,3,2,1,0,3,0,0,0,0,1,0,0,1,0,1,0,0,0,4.1179,0.0278,0.75,0,0,0,0,0,0,0,0,https://www.samsung.com/us#section-5
48,26,15,1,2,0,4,0,0,0,0,0,0,0,0,1,0,0,1,3,4.2351,0.0,0.8333,1,0,0,0,0,0,0,1,http://netflix-billing-update.xyz/account/update
48,21,10,2,1,0,3,0,1,0,1,6,0,0,0,1,0,0,1,3,4.5561,0.125,0.6875,1,0,0,0,1,1,0,1,http://credential-verify.win/login.php?id=180089
58,16,12,1,1,0,4,0,1,1,2,4,0,0,0,1,0,0,0,0,4.4956,0.069,0.7414,1,0,0,0,0,2,0,1,http://dropbox-phish.tk/files/share?token=abc&session=2494
49,15,26,3,0,0,7,0,0,0,0,3,0,0,1,0,1,0,0,0,4.2541,0.0612,0.7143,0,0,0,0,0,0,0,0,https://docs.python.org/3/library/re.html/page/14
57,20,30,1,2,0,3,0,0,1,1,4,0,0,0,1,0,0,1,2,4.5086,0.0702,0.7719,1,0,0,0,0,0,0,1,http://facebook-security.cf/confirm-identity&session=5640
37,16,13,2,0,0,5,0,0,0,0,2,0,0,1,0,1,0,0,0,4.2266,0.0541,0.7297,0,0,0,0,0,0,0,0,https://www.linkedin.com/feed/page/25
59,17,24,1,1,0,5,0,0,0,0,1,0,0,1,0,0,0,0,0,4.4269,0.0169,0.8305,0,0,0,0,0,0,0,0,https://stackoverflow.com/questions/tagged/python#section-4
43,11,25,4,1,0,4,0,0,0,0,8,0,1,0,1,0,0,1,3,4.217,0.186,0.5814,1,0,0,0,1,0,0,1,http://192.168.1.1/login/account-update.php
23,15,0,2,0,0,2,0,0,0,0,0,0,0,1,0,1,0,0,0,3.4971,0.0,0.7826,0,0,0,0,0,0,0,0,https://www.twitter.com
47,17,22,2,0,1,4,0,0,0,0,0,0,0,1,0,1,0,0,0,4.1179,0.0,0.8298,0,0,0,0,0,0,0,0,https://www.wikipedia.org/wiki/Machine_learning
65,33,15,2,3,0,3,0,1,0,1,6,0,0,0,1,1,0,1,5,4.5261,0.0923,0.7385,0,0,0,0,0,1,0,1,http://login.microsoft-support-alert.com/password-reset?id=388375
57,30,20,3,1,0,3,0,0,1,1,4,0,0,0,1,2,0,1,2,4.5104,0.0702,0.7544,1,0,0,0,0,0,0,1,http://paypal.com.malicious-domain.ru/wallet&session=8560
37,24,6,1,2,0,3,0,0,0,0,0,0,0,0,1,0,0,1,4,4.2293,0.0,0.8108,1,0,0,0,0,0,0,1,http://secure-banking-update.tk/login
45,16,12,1,1,0,4,0,1,0,1,0,0,0,0,1,0,0,0,0,4.3136,0.0,0.8,1,0,0,0,0,1,0,1,http://dropbox-phish.tk/files/share?token=abc
56,11,38,4,1,0,4,0,0,1,1,12,0,1,0,1,0,0,1,3,4.5239,0.2143,0.5714,1,0,0,0,0,0,0,1,http://192.168.1.1/login/account-update.php&session=3317
45,15,22,2,1,0,6,0,0,0,0,2,0,0,1,0,1,0,0,0,4.4302,0.0444,0.7333,0,0,0,0,0,0,0,0,https://www.mozilla.org/en-US/firefox/page/39
36,15,14,4,0,0,4,0,0,0,0,8,0,0,0,1,4,0,1,2,4.2947,0.2222,0.5278,1,0,0,0,0,0,0,1,http://www.12.34.56.78/login/banking
34,15,3,2,0,0,3,0,1,0,1,0,0,0,1,0,1,0,0,0,4.0797,0.0,0.7647,0,0,0,0,0,1,0,0,https://www.samsung.com/us?lang=en
35,11,6,2,1,0,3,0,0,0,0,1,0,0,1,0,1,0,0,0,4.2214,0.0286,0.7429,0,0,0,0,0,0,0,0,https://www.ibm.com/cloud#section-2
29,14,7,2,0,0,4,0,0,0,0,1,0,0,1,0,1,0,1,1,3.8144,0.0345,0.7241,0,0,0,0,0,0,0,0,https://www.google.com/page/4
58,31,20,2,2,0,3,0,0,1,1,4,0,0,0,1,1,0,1,1,4.478,0.069,0.7586,0,0,0,0,0,0,0,1,http://www-paypal-com.phishingsite.com/webscr&session=3324
42,11,14,3,0,0,4,0,1,0,1,14,0,1,0,1,0,0,1,2,4.4929,0.3333,0.4286,1,0,0,0,0,1,0,1,http://12.34.56.78/login/banking?id=177449
54,23,24,1,1,0,5,0,0,0,0,0,0,0,0,1,0,0,1,4,4.1711,0.0,0.8519,1,0,0,0,0,0,0,1,http://microsoft-alert.support/windows/security/update
45,11,27,3,0,0,4,0,0,1,1,12,0,1,0,1,0,0,1,2,4.5082,0.2667,0.5111,1,0,0,0,0,0,0,1,http://12.34.56.78/login/banking&session=8451
59,24,6,1,2,0,3,0,1,1,2,9,0,0,0,1,0,0,1,1,4.5625,0.1525,0.661,1,0,0,0,0,2,0,1,http://prize-winner-confirm.win/claim?id=99999&session=6482
41,15,18,3,0,0,5,0,0,0,0,1,0,0,1,0,1,0,0,0,4.1411,0.0244,0.7561,0,0,0,0,0,0,0,0,https://docs.python.org/3/library/re.html
36,15,3,2,1,0,3,0,0,0,0,1,0,0,1,0,1,0,0,0,4.1179,0.0278,0.75,0,0,0,0,0,0,0,0,https://www.samsung.com/us#section-8
61,13,32,3,0,0,7,0,1,0,1,0,0,0,1,0,1,0,0,0,4.0379,0.0,0.7869,0,0,0,0,0,1,0,0,https://www.intel.com/content/www/us/en/homepage.html?lang=en
55,24,14,1,2,0,4,0,1,0,1,6,0,0,0,1,0,0,1,4,4.6355,0.1091,0.7091,1,0,0,0,0,1,0,1,http://google-account-locked.tk/signin/verify?id=236306
57,30,20,3,1,0,3,0,0,1,1,4,0,0,0,1,2,0,1,2,4.5104,0.0702,0.7544,1,0,0,0,0,0,0,1,http://paypal.com.malicious-domain.ru/wallet&session=9452
58,27,24,2,1,0,5,0,0,0,0,0,0,0,0,1,1,0,1,4,4.1832,0.0,0.8448,1,0,0,0,0,0,0,1,http://www.microsoft-alert.support/windows/security/update
56,22,27,2,2,0,3,0,0,1,1,4,0,0,0,1,0,0,1,3,4.631,0.0714,0.75,1,0,0,0,0,0,0,1,http://ebay-account-verify.ga/ebayisapi.dll&session=1645
29,15,6,2,0,0,3,0,0,0,0,0,0,0,1,0,1,0,1,1,4.0473,0.0,0.7931,0,0,0,0,0,0,0,0,https://www.dropbox.com/login
31,15,0,2,0,0,2,0,1,0,1,0,0,0,1,0,1,0,0,0,4.0636,0.0,0.7742,0,0,0,0,0,1,0,0,https://www.twitter.com?lang=en
38,13,17,2,0,0,6,0,0,0,0,0,0,0,1,0,1,0,0,0,3.7905,0.0,0.7632,0,0,0,0,0,0,0,0,https://www.cisco.com/c/en/us/products
39,16,5,2,1,0,3,0,0,0,0,1,0,0,1,0,1,0,0,0,4.2143,0.0256,0.7692,0,0,0,0,0,0,0,0,https://www.linkedin.com/feed#section-4
57,17,22,2,1,1,4,0,0,0,0,1,0,0,1,0,1,0,0,0,4.3045,0.0175,0.807,0,0,0,0,0,0,0,0,https://www.wikipedia.org/wiki/Machine_learning#section-8
53,24,22,2,2,0,5,0,0,0,0,0,0,0,0,1,1,0,1,3,4.1905,0.0,0.8113,1,0,0,0,0,0,0,1,http://www.chase-bank-login.xyz/online/banking/signin
49,35,7,3,2,0,3,0,0,0,0,0,0,0,0,1,2,0,1,1,4.167,0.0,0.8163,0,0,0,0,0,0,0,1,http://www.www-paypal-com.phishingsite.com/webscr
27,14,5,2,0,0,3,0,0,0,0,0,0,0,1,0,1,0,0,0,3.9303,0.0,0.7778,0,0,0,0,0,0,0,0,https://www.oracle.com/java
61,26,28,1,2,0,4,0,0,1,1,4,0,0,0,1,0,0,1,3,4.5982,0.0656,0.7705,1,0,0,0,0,0,0,1,http://netflix-billing-update.xyz/account/update&session=5720
40,14,8,2,1,0,4,0,0,0,0,1,0,0,1,0,1,0,1,1,4.2276,0.025,0.75,0,0,0,0,0,0,0,0,https://www.paypal.com/us/home#section-5
48,23,8,1,2,0,3,0,1,0,1,6,0,0,0,1,0,0,1,3,4.7044,0.125,0.6875,1,0,0,0,0,1,0,1,http://twitter-login-verify.ml/account?id=178463
45,11,16,2,1,0,4,0,0,0,0,1,0,0,1,0,1,0,0,0,4.1526,0.0222,0.7778,0,0,0,0,0,0,0,0,https://www.bbc.com/news/technology#section-9
27,14,5,2,0,0,3,0,0,0,0,0,0,0,1,0,1,0,0,0,3.9303,0.0,0.7778,0,0,0,0,0,0,0,0,https://www.oracle.com/java
36,13,15,2,0,0,5,0,0,0,0,2,0,0,1,0,1,0,1,1,3.983,0.0556,0.7222,0,0,0,0,0,0,0,0,https://www.apple.com/iphone/page/50
57,17,24,1,0,0,5,0,1,0,1,0,0,0,1,0,0,0,0,0,4.4252,0.0,0.8421,0,0,0,0,0,1,0,0,https://stackoverflow.com/questions/tagged/python?lang=en
55,17,30,2,0,1,6,0,0,0,0,2,0,0,1,0,1,0,0,0,4.1989,0.0364,0.7818,0,0,0,0,0,0,0,0,https://www.wikipedia.org/wiki/Machine_learning/page/27
47,15,14,2,2,0,4,0,0,0,0,1,0,0,1,0,1,0,0,0,4.5116,0.0213,0.766,0,0,0,0,0,0,0,0,https://www.mozilla.org/en-US/firefox#section-2
37,15,6,2,0,0,3,0,1,0,1,0,0,0,1,0,1,0,1,1,4.3374,0.0,0.7838,0,0,0,0,0,1,0,0,https://www.dropbox.com/login?lang=en
37,16,5,2,0,0,3,0,1,0,1,0,0,0,1,0,1,0,0,0,4.2497,0.0,0.7838,0,0,0,0,0,1,0,0,https://www.linkedin.com/feed?lang=en
48,13,17,2,1,0,6,0,0,0,0,1,0,0,1,0,1,0,0,0,4.0145,0.0208,0.75,0,0,0,0,0,0,0,0,https://www.cisco.com/c/en/us/products#section-1
60,28,25,2,2,0,4,0,0,1,1,4,0,0,0,1,1,0,1,4,4.557,0.0667,0.75,1,0,0,0,0,0,0,1,http://www.secure-login-update.info/bank/signin&session=5670
65,23,35,2,2,0,4,0,0,1,1,4,0,0,0,1,0,0,1,1,4.6416,0.0615,0.7692,1,0,0,0,0,0,0,1,http://fake-antivirus-alert.ml/download/security.exe&session=7105
57,20,30,1,2,0,4,0,0,1,1,4,0,0,0,1,0,0,1,4,4.4384,0.0702,0.7544,0,0,0,0,0,0,0,1,http://support-apple-id.com/account/validate&session=9317
41,27,7,1,2,0,3,0,0,0,0,0,0,0,0,1,0,0,1,4,4.1715,0.0,0.8293,1,0,0,0,0,0,0,1,http://amazon-account-suspended.ml/signin
67,40,20,4,2,0,3,0,0,1,1,4,0,0,0,1,3,0,1,4,4.4646,0.0597,0.7612,0,0,0,0,0,0,0,1,http://login-support.amazon.com.evil-domain.com/signin&session=6401
35,11,16,2,0,0,4,0,0,0,0,0,0,0,1,0,1,0,0,0,3.9217,0.0,0.8,0,0,0,0,0,0,0,0,https://www.bbc.com/news/technology
42,19,16,1,2,0,3,0,0,0,0,0,0,0,0,1,0,0,1,4,4.2462,0.0,0.8333,1,0,0,0,0,0,0,1,http://instagram-verify.tk/account-confirm
34,16,0,2,1,0,2,0,0,0,0,1,0,0,1,0,1,0,1,1,4.1973,0.0294,0.7647,0,0,0,0,0,0,0,0,https://www.facebook.com#section-2
47,24,16,1,2,0,4,0,0,0,0,0,0,0,0,1,0,0,1,4,4.4083,0.0,0.8298,1,0,0,0,0,0,0,1,http://update-your-password.xyz/microsoft/login
62,23,7,1,2,0,3,0,1,1,2,5,0,0,0,1,0,0,1,3,4.642,0.0806,0.7419,0,0,0,0,0,2,0,1,http://paypa1-secure-login.com/verify?user=victim&session=5712
65,23,35,2,2,0,4,0,0,1,1,4,0,0,0,1,0,0,1,1,4.6416,0.0615,0.7692,1,0,0,0,0,0,0,1,http://fake-antivirus-alert.ml/download/security.exe&session=9543
53,24,22,2,2,0,5,0,0,0,0,0,0,0,0,1,1,0,1,3,4.1905,0.0,0.8113,1,0,0,0,0,0,0,1,http://www.chase-bank-login.xyz/online/banking/signin
35,11,16,2,0,0,4,0,0,0,0,0,0,0,1,0,1,0,0,0,3.9217,0.0,0.8,0,0,0,0,0,0,0,0,https://www.bbc.com/news/technology
42,28,7,3,1,0,3,0,0,0,0,0,0,0,0,1,2,0,1,4,4.1057,0.0,0.8095,1,0,0,0,0,0,0,1,http://www.secure.update-account.ga/signin
52,23,22,2,2,0,4,0,0,0,0,0,0,0,0,1,0,0,1,1,4.4027,0.0,0.8269,1,0,0,0,1,0,0,1,http://fake-antivirus-alert.ml/download/security.exe
51,32,12,3,2,0,4,0,0,0,0,0,0,0,0,1,2,0,1,4,4.2727,0.0,0.8039,1,0,0,0,0,0,0,1,http://www.www.secure-login-update.info/bank/signin
59,37,15,3,3,0,3,0,0,0,0,0,0,0,0,1,2,0,1,5,4.2003,0.0,0.8305,0,0,0,0,0,0,0,1,http://www.login.microsoft-support-alert.com/password-reset
64,23,24,1,1,0,5,0,1,0,1,6,0,0,0,1,0,0,1,4,4.5074,0.0938,0.75,1,0,0,0,0,1,0,1,http://microsoft-alert.support/windows/security/update?id=424500
37,6,24,1,0,0,3,0,0,1,1,6,0,0,0,1,0,1,0,0,4.317,0.1622,0.6486,1,0,0,0,0,0,0,1,http://bit.ly/3xPhish1ng&session=6314
51,28,16,2,2,0,4,0,0,0,0,0,0,0,0,1,1,0,1,4,4.42,0.0,0.8235,1,0,0,0,0,0,0,1,http://www.update-your-password.xyz/microsoft/login
32,11,14,3,0,0,4,0,0,0,0,8,0,1,0,1,0,0,1,2,4.2653,0.25,0.5,1,0,0,0,0,0,0,1,http://12.34.56.78/login/banking
61,13,40,3,0,0,9,0,0,0,0,2,0,0,1,0,1,0,0,0,4.0154,0.0328,0.7541,0,0,0,0,0,0,0,0,https://www.intel.com/content/www/us/en/homepage.html/page/50
55,16,12,1,1,0,4,0,2,0,2,6,0,0,0,1,0,0,0,0,4.6218,0.1091,0.6909,1,0,0,0,0,1,0,1,http://dropbox-phish.tk/files/share?token=abc?id=796643
56,22,27,2,2,0,3,0,0,1,1,4,0,0,0,1,0,0,1,3,4.631,0.0714,0.75,1,0,0,0,0,0,0,1,http://ebay-account-verify.ga/ebayisapi.dll&session=3564
34,15,3,2,0,0,3,0,1,0,1,0,0,0,1,0,1,0,0,0,4.0797,0.0,0.7647,0,0,0,0,0,1,0,0,https://www.samsung.com/us?lang=en
48,23,8,1,2,0,3,0,1,0,1,6,0,0,0,1,0,0,1,3,4.7044,0.125,0.6875,1,0,0,0,0,1,0,1,http://twitter-login-verify.ml/account?id=235461
36,18,0,2,1,0,2,0,0,0,0,1,0,0,1,0,1,0,0,0,4.3638,0.0278,0.7778,0,0,0,0,0,0,0,0,https://www.cloudflare.com#section-9
42,12,11,3,0,1,4,0,1,0,1,0,0,0,1,0,1,0,0,0,4.2611,0.0,0.7381,0,0,0,0,0,1,0,0,https://www.ebay.com/sch/i.html?_nkw=phone
45,15,22,2,1,0,6,0,0,0,0,2,0,0,1,0,1,0,0,0,4.4302,0.0444,0.7333,0,0,0,0,0,0,0,0,https://www.mozilla.org/en-US/firefox/page/16
54,30,7,3,1,0,3,0,1,0,1,6,0,0,0,1,2,0,1,2,4.5161,0.1111,0.7037,1,0,0,0,0,1,0,1,http://paypal.com.malicious-domain.ru/wallet?id=663658
45,15,22,2,1,0,6,0,0,0,0,2,0,0,1,0,1,0,0,0,4.4302,0.0444,0.7333,0,0,0,0,0,0,0,0,https://www.mozilla.org/en-US/firefox/page/23
47,26,14,3,2,0,3,0,0,0,0,0,0,0,0,1,1,0,1,3,4.3866,0.0,0.8085,1,0,0,0,0,0,0,1,http://www.ebay-account-verify.ga/ebayisapi.dll
55,19,29,1,2,0,3,0,0,1,1,4,0,0,0,1,0,0,1,4,4.5198,0.0727,0.7636,1,0,0,0,0,0,0,1,http://instagram-verify.tk/account-confirm&session=3361
51,24,20,2,1,0,3,0,0,1,1,4,0,0,0,1,1,0,1,4,4.3512,0.0784,0.7451,1,0,0,0,0,0,0,1,http://secure.update-account.ga/signin&session=8673
31,15,0,2,0,0,2,0,1,0,1,0,0,0,1,0,1,0,0,0,4.0636,0.0,0.7742,0,0,0,0,0,1,0,0,https://www.twitter.com?lang=en
53,11,25,4,1,0,4,0,1,0,1,14,0,1,0,1,0,0,1,3,4.5061,0.2642,0.5094,1,0,0,0,1,1,0,1,http://192.168.1.1/login/account-update.php?id=868544
57,28,12,2,2,0,4,0,1,0,1,6,0,0,0,1,1,0,1,4,4.6357,0.1053,0.7018,1,0,0,0,0,1,0,1,http://www.secure-login-update.info/bank/signin?id=449247
27,14,5,2,0,0,3,0,0,0,0,0,0,0,1,0,1,0,0,0,3.9303,0.0,0.7778,0,0,0,0,0,0,0,0,https://www.oracle.com/java
57,23,27,1,2,0,4,0,0,1,1,4,0,0,0,1,0,0,1,4,4.4971,0.0702,0.7544,1,0,0,0,0,0,0,1,http://confirm-your-account.ml/amazon/signin&session=3972
50,28,6,2,2,0,3,0,1,0,1,5,0,0,0,1,1,0,1,1,4.2391,0.1,0.7,1,0,0,0,0,1,0,1,http://www.prize-winner-confirm.win/claim?id=99999
30,14,8,2,0,0,4,0,0,0,0,0,0,0,1,0,1,0,1,1,3.8566,0.0,0.7667,0,0,0,0,0,0,0,0,https://www.paypal.com/us/home
60,33,20,3,1,0,3,0,0,1,1,4,0,0,0,1,2,0,1,5,4.5297,0.0667,0.7667,1,0,0,0,0,0,0,1,http://secure.paypal.account-verify.club/wallet&session=4886
56,13,24,3,1,0,4,0,0,0,0,2,0,0,1,0,1,0,0,0,4.2462,0.0357,0.7857,0,0,0,0,0,0,0,0,https://www.adobe.com/products/photoshop.html#section-10
61,26,28,1,2,0,4,0,0,1,1,4,0,0,0,1,0,0,1,3,4.5654,0.0656,0.7705,1,0,0,0,0,0,0,1,http://netflix-billing-update.xyz/account/update&session=7937
67,23,37,1,1,0,5,0,0,1,1,4,0,0,0,1,0,0,1,4,4.4351,0.0597,0.791,1,0,0,0,0,0,0,1,http://microsoft-alert.support/windows/security/update&session=8450
42,10,16,3,1,0,4,0,1,0,1,0,0,0,1,0,1,0,0,0,4.1416,0.0,0.7381,0,0,0,0,0,1,0,0,https://www.hp.com/us-en/home.html?lang=en
39,15,6,2,1,0,3,0,0,0,0,1,0,0,1,0,1,0,1,1,4.3143,0.0256,0.7692,0,0,0,0,0,0,0,0,https://www.dropbox.com/login#section-1
24,6,11,1,0,0,3,0,0,0,0,2,0,0,0,1,0,1,0,0,3.9073,0.0833,0.7083,1,0,0,0,0,0,0,1,http://bit.ly/3xPhish1ng
48,24,17,2,2,0,3,0,0,0,0,0,0,0,0,1,1,0,1,2,4.3061,0.0,0.8333,1,0,0,0,0,0,0,1,http://www.facebook-security.cf/confirm-identity
51,32,12,3,2,0,4,0,0,0,0,0,0,0,0,1,2,0,1,4,4.2727,0.0,0.8039,1,0,0,0,0,0,0,1,http://www.www.secure-login-update.info/bank/signin
24,16,0,2,0,0,2,0,0,0,0,0,0,0,1,0,1,0,1,1,3.8554,0.0,0.7917,0,0,0,0,0,0,0,0,https://www.facebook.com
52,12,11,3,1,1,4,0,1,0,1,1,0,0,1,0,1,0,0,0,4.421,0.0192,0.7308,0,0,0,0,0,1,0,0,https://www.ebay.com/sch/i.html?_nkw=phone#section-4
33,11,14,2,0,0,5,0,0,0,0,2,0,0,1,0,1,0,0,0,4.1849,0.0606,0.697,0,0,0,0,0,0,0,0,https://www.ibm.com/cloud/page/23
33,17,8,2,0,0,4,0,0,0,0,2,0,0,1,0,1,0,1,1,4.0667,0.0606,0.7273,0,0,0,0,0,0,0,0,https://www.instagram.com/page/24
50,24,19,1,2,0,3,0,0,1,1,4,0,0,0,1,0,0,1,4,4.4937,0.08,0.74,1,0,0,0,0,0,0,1,http://secure-banking-update.tk/login&session=2298
57,24,16,1,2,0,4,0,1,0,1,6,0,0,0,1,0,0,1,4,4.756,0.1053,0.7193,1,0,0,0,0,1,0,1,http://update-your-password.xyz/microsoft/login?id=901280
47,15,14,2,2,0,4,0,0,0,0,1,0,0,1,0,1,0,0,0,4.5116,0.0213,0.766,0,0,0,0,0,0,0,0,https://www.mozilla.org/en-US/firefox#section-4
30,14,8,2,0,0,4,0,0,0,0,0,0,0,1,0,1,0,1,1,3.8566,0.0,0.7667,0,0,0,0,0,0,0,0,https://www.paypal.com/us/home
51,27,7,1,2,0,3,0,1,0,1,6,0,0,0,1,0,0,1,4,4.5324,0.1176,0.7059,1,0,0,0,0,1,0,1,http://amazon-account-suspended.ml/signin?id=755900
38,23,8,1,2,0,3,0,0,0,0,0,0,0,0,1,0,0,1,3,4.2211,0.0,0.8158,1,0,0,0,0,0,0,1,http://twitter-login-verify.ml/account
48,24,17,2,2,0,3,0,0,0,0,0,0,0,0,1,1,0,1,2,4.3061,0.0,0.8333,1,0,0,0,0,0,0,1,http://www.facebook-security.cf/confirm-identity
58,26,15,1,2,0,4,0,1,0,1,6,0,0,0,1,0,0,1,3,4.6374,0.1034,0.7241,1,0,0,0,0,1,0,1,http://netflix-billing-update.xyz/account/update?id=362147
57,23,27,1,2,0,4,0,0,1,1,4,0,0,0,1,0,0,1,4,4.4971,0.0702,0.7544,1,0,0,0,0,0,0,1,http://confirm-your-account.ml/amazon/signin&session=5846
67,23,37,1,1,0,5,0,0,1,1,4,0,0,0,1,0,0,1,4,4.4052,0.0597,0.791,1,0,0,0,0,0,0,1,http://microsoft-alert.support/windows/security/update&session=8110
56,27,22,3,2,0,4,0,0,0,0,0,0,0,0,1,1,0,1,1,4.4102,0.0,0.8214,1,0,0,0,1,0,0,1,http://www.fake-antivirus-alert.ml/download/security.exe
41,28,6,2,2,0,3,0,0,0,0,0,0,0,0,1,1,0,1,4,4.3083,0.0,0.8049,1,0,0,0,0,0,0,1,http://www.secure-banking-update.tk/login
52,23,22,2,2,0,4,0,0,0,0,0,0,0,0,1,0,0,1,1,4.4027,0.0,0.8269,1,0,0,0,1,0,0,1,http://fake-antivirus-alert.ml/download/security.exe
43,19,17,1,2,0,4,0,0,0,0,0,0,0,0,1,0,0,1,4,4.078,0.0,0.814,1,0,0,0,0,0,0,1,http://support-apple-id.cf/account/validate
50,28,6,2,2,0,3,0,1,0,1,5,0,0,0,1,1,0,1,1,4.2391,0.1,0.7,1,0,0,0,0,1,0,1,http://www.prize-winner-confirm.win/claim?id=99999
48,24,17,2,2,0,3,0,0,0,0,0,0,0,0,1,1,0,1,2,4.3061,0.0,0.8333,1,0,0,0,0,0,0,1,http://www.facebook-security.cf/confirm-identity
46,23,16,2,2,0,3,0,0,0,0,0,0,0,0,1,1,0,1,4,4.3302,0.0,0.8261,1,0,0,0,0,0,0,1,http://www.instagram-verify.tk/account-confirm
52,23,22,2,2,0,4,0,0,0,0,0,0,0,0,1,0,0,1,1,4.4027,0.0,0.8269,1,0,0,0,1,0,0,1,http://fake-antivirus-alert.ml/download/security.exe
48,13,17,2,1,0,6,0,0,0,0,1,0,0,1,0,1,0,0,0,4.0145,0.0208,0.75,0,0,0,0,0,0,0,0,https://www.cisco.com/c/en/us/products#section-9
59,17,24,1,1,0,5,0,0,0,0,1,0,0,1,0,0,0,0,0,4.4269,0.0169,0.8305,0,0,0,0,0,0,0,0,https://stackoverflow.com/questions/tagged/python#section-3
49,35,7,3,2,0,3,0,0,0,0,0,0,0,0,1,2,0,1,1,4.167,0.0,0.8163,0,0,0,0,0,0,0,1,http://www.www-paypal-com.phishingsite.com/webscr
43,11,24,2,0,0,6,0,0,0,0,2,0,0,1,0,1,0,0,0,4.0651,0.0465,0.7442,0,0,0,0,0,0,0,0,https://www.bbc.com/news/technology/page/11
54,19,6,1,2,0,3,0,1,0,1,0,0,0,0,1,0,0,1,1,4.2168,0.0,0.8333,1,0,0,0,0,1,0,1,http://steam-free-items.gq/login?redirect=steampowered
51,15,6,2,0,0,3,0,2,0,2,2,0,0,1,0,1,0,0,0,4.5936,0.0392,0.7647,0,0,0,0,0,1,0,0,https://www.youtube.com/watch?v=dQw4w9WgXcQ?lang=en
45,24,14,1,2,0,4,0,0,0,0,0,0,0,0,1,0,0,1,4,4.2969,0.0,0.8222,1,0,0,0,0,0,0,1,http://google-account-locked.tk/signin/verify
55,13,24,3,1,0,4,0,0,0,0,1,0,0,1,0,1,0,0,0,4.1918,0.0182,0.8,0,0,0,0,0,0,0,0,https://www.adobe.com/products/photoshop.html#section-1
37,6,24,1,0,0,3,0,0,1,1,6,0,0,0,1,0,1,0,0,4.317,0.1622,0.6486,1,0,0,0,0,0,0,1,http://bit.ly/3xPhish1ng&session=9138
59,23,7,1,2,0,3,0,2,0,2,7,0,0,0,1,0,0,1,3,4.6938,0.1186,0.6949,0,0,0,0,0,1,0,1,http://paypa1-secure-login.com/verify?user=victim?id=449555
64,40,7,4,2,0,3,0,1,0,1,6,0,0,0,1,3,0,1,4,4.568,0.0938,0.7188,0,0,0,0,0,1,0,1,http://login-support.amazon.com.evil-domain.com/signin?id=561124
52,19,16,1,2,0,3,0,1,0,1,6,0,0,0,1,0,0,1,4,4.6354,0.1154,0.7115,1,0,0,0,0,1,0,1,http://instagram-verify.tk/account-confirm?id=347745
67,19,6,1,2,0,3,0,1,1,2,4,0,0,0,1,0,0,1,1,4.4466,0.0597,0.7761,1,0,0,0,0,2,0,1,http://steam-free-items.gq/login?redirect=steampowered&session=7142
62,20,35,1,2,0,5,0,0,1,1,4,0,0,0,1,0,0,1,3,4.3691,0.0645,0.7581,1,0,0,0,0,0,0,1,http://chase-bank-login.xyz/online/banking/signin&session=8405
53,15,6,2,1,0,3,0,1,0,1,3,0,0,1,0,1,0,0,0,4.6594,0.0566,0.7547,0,0,0,0,0,1,0,0,https://www.youtube.com/watch?v=dQw4w9WgXcQ#section-5
47,24,6,1,2,0,3,0,1,0,1,6,0,0,0,1,0,0,1,4,4.5381,0.1277,0.6809,1,0,0,0,0,1,0,1,http://secure-banking-update.tk/login?id=402020
32,14,0,2,1,0,2,0,0,0,0,1,0,0,1,0,1,0,1,1,4.0778,0.0312,0.75,0,0,0,0,0,0,0,0,https://www.google.com#section-7
54,27,7,2,2,0,3,0,1,0,1,3,0,0,0,1,1,0,1,4,4.6692,0.0556,0.7593,1,0,0,0,0,1,0,1,http://www.apple-id-verify.support/unlock?token=abc123
47,24,16,1,2,0,4,0,0,0,0,0,0,0,0,1,0,0,1,4,4.4083,0.0,0.8298,1,0,0,0,0,0,0,1,http://update-your-password.xyz/microsoft/login
58,24,27,1,2,0,4,0,0,1,1,4,0,0,0,1,0,0,1,4,4.5283,0.069,0.7586,1,0,0,0,0,0,0,1,http://google-account-locked.tk/signin/verify&session=2592
38,13,7,2,1,0,3,0,0,0,0,1,0,0,1,0,1,0,1,1,4.096,0.0263,0.7632,0,0,0,0,0,0,0,0,https://www.apple.com/iphone#section-5
62,20,35,1,2,0,5,0,0,1,1,4,0,0,0,1,0,0,1,3,4.3368,0.0645,0.7581,1,0,0,0,0,0,0,1,http://chase-bank-login.xyz/online/banking/signin&session=7622
60,33,20,3,1,0,3,0,0,1,1,4,0,0,0,1,2,0,1,5,4.4838,0.0667,0.7667,1,0,0,0,0,0,0,1,http://secure.paypal.account-verify.club/wallet&session=7333
61,13,32,3,0,0,7,0,1,0,1,0,0,0,1,0,1,0,0,0,4.0379,0.0,0.7869,0,0,0,0,0,1,0,0,https://www.intel.com/content/www/us/en/homepage.html?lang=en
57,17,24,1,0,0,5,0,1,0,1,0,0,0,1,0,0,0,0,0,4.4252,0.0,0.8421,0,0,0,0,0,1,0,0,https://stackoverflow.com/questions/tagged/python?lang=en
54,19,6,1,2,0,3,0,1,0,1,0,0,0,0,1,0,0,1,1,4.2168,0.0,0.8333,1,0,0,0,0,1,0,1,http://steam-free-items.gq/login?redirect=steampowered
31,14,9,2,0,0,4,0,0,0,0,0,0,0,1,0,1,0,0,0,3.8087,0.0,0.7742,0,0,0,0,0,0,0,0,https://www.reddit.com/r/netsec
56,24,6,1,2,0,3,0,2,0,2,11,0,0,0,1,0,0,1,1,4.4739,0.1964,0.6071,1,0,0,0,0,1,0,1,http://prize-winner-confirm.win/claim?id=99999?id=683397
58,31,20,2,2,0,3,0,0,1,1,4,0,0,0,1,1,0,1,1,4.4435,0.069,0.7586,0,0,0,0,0,0,0,1,http://www-paypal-com.phishingsite.com/webscr&session=3399
39,14,9,2,0,0,4,0,1,0,1,0,0,0,1,0,1,0,0,0,4.1698,0.0,0.7692,0,0,0,0,0,1,0,0,https://www.reddit.com/r/netsec?lang=en
41,14,2,2,0,0,5,0,1,0,1,2,0,0,1,0,1,0,1,1,4.1411,0.0488,0.7073,0,0,0,0,0,1,0,0,https://www.amazon.com/s?k=laptop/page/44
60,33,20,3,1,0,3,0,0,1,1,4,0,0,0,1,2,0,1,5,4.5297,0.0667,0.7667,1,0,0,0,0,0,0,1,http://secure.paypal.account-verify.club/wallet&session=7730
45,16,12,1,1,0,4,0,1,0,1,0,0,0,0,1,0,0,0,0,4.3136,0.0,0.8,1,0,0,0,0,1,0,1,http://dropbox-phish.tk/files/share?token=abc
56,22,27,2,2,0,3,0,0,1,1,4,0,0,0,1,0,0,1,3,4.5953,0.0714,0.75,1,0,0,0,0,0,0,1,http://ebay-account-verify.ga/ebayisapi.dll&session=8873
49,20,12,2,1,0,4,0,1,0,1,0,0,0,0,1,1,0,0,0,4.3948,0.0,0.7959,1,0,0,0,0,1,0,1,http://www.dropbox-phish.tk/files/share?token=abc
51,37,7,4,1,0,3,0,0,0,0,0,0,0,0,1,3,0,1,5,4.2163,0.0,0.8235,1,0,0,0,0,0,0,1,http://www.secure.paypal.account-verify.club/wallet
57,20,30,1,2,0,4,0,0,1,1,4,0,0,0,1,0,0,1,4,4.4033,0.0702,0.7544,0,0,0,0,0,0,0,1,http://support-apple-id.com/account/validate&session=3634
44,23,14,1,2,0,4,0,0,0,0,0,0,0,0,1,0,0,1,4,4.1552,0.0,0.8182,1,0,0,0,0,0,0,1,http://confirm-your-account.ml/amazon/signin
50,24,19,1,2,0,3,0,0,1,1,4,0,0,0,1,0,0,1,4,4.5337,0.08,0.74,1,0,0,0,0,0,0,1,http://secure-banking-update.tk/login&session=6374
48,15,25,3,0,0,7,0,0,0,0,2,0,0,1,0,1,0,0,0,4.196,0.0417,0.7292,0,0,0,0,0,0,0,0,https://docs.python.org/3/library/re.html/page/6
24,6,11,1,0,0,3,0,0,0,0,2,0,0,0,1,0,1,0,0,3.9073,0.0833,0.7083,1,0,0,0,0,0,0,1,http://bit.ly/3xPhish1ng
55,19,29,1,2,0,3,0,0,1,1,4,0,0,0,1,0,0,1,4,4.5562,0.0727,0.7636,1,0,0,0,0,0,0,1,http://instagram-verify.tk/account-confirm&session=3076
42,25,10,3,1,0,3,0,0,0,0,0,0,0,0,1,1,0,1,3,4.1892,0.0,0.8095,1,0,0,0,1,0,0,1,http://www.credential-verify.win/login.php
50,12,11,3,0,1,4,0,2,0,2,0,0,0,1,0,1,0,0,0,4.3586,0.0,0.74,0,0,0,0,0,1,0,0,https://www.ebay.com/sch/i.html?_nkw=phone?lang=en
54,27,7,2,2,0,3,0,1,0,1,3,0,0,0,1,1,0,1,4,4.6692,0.0556,0.7593,1,0,0,0,0,1,0,1,http://www.apple-id-verify.support/unlock?token=abc123
40,14,8,2,1,0,4,0,0,0,0,1,0,0,1,0,1,0,1,1,4.2276,0.025,0.75,0,0,0,0,0,0,0,0,https://www.paypal.com/us/home#section-9
56,17,31,1,0,0,7,0,0,0,0,1,0,0,1,0,0,0,0,0,4.3246,0.0179,0.8214,0,0,0,0,0,0,0,0,https://stackoverflow.com/questions/tagged/python/page/3
53,22,14,2,2,0,3,0,1,0,1,6,0,0,0,1,0,0,1,3,4.6972,0.1132,0.6981,1,0,0,0,0,1,0,1,http://ebay-account-verify.ga/ebayisapi.dll?id=946432
47,26,14,3,2,0,3,0,0,0,0,0,0,0,0,1,1,0,1,3,4.3866,0.0,0.8085,1,0,0,0,0,0,0,1,http://www.ebay-account-verify.ga/ebayisapi.dll
56,13,24,3,1,0,4,0,0,0,0,2,0,0,1,0,1,0,0,0,4.2462,0.0357,0.7857,0,0,0,0,0,0,0,0,https://www.adobe.com/products/photoshop.html#section-10
25,17,0,2,0,0,2,0,0,0,0,0,0,0,1,0,1,0,1,1,3.8635,0.0,0.8,0,0,0,0,0,0,0,0,https://www.instagram.com
34,15,11,2,0,0,5,0,0,0,0,2,0,0,1,0,1,0,0,0,3.9591,0.0588,0.7059,0,0,0,0,0,0,0,0,https://www.samsung.com/us/page/25
36,15,14,4,0,0,4,0,0,0,0,8,0,0,0,1,4,0,1,2,4.2947,0.2222,0.5278,1,0,0,0,0,0,0,1,http://www.12.34.56.78/login/banking
55,13,24,3,1,0,4,0,0,0,0,1,0,0,1,0,1,0,0,0,4.1918,0.0182,0.8,0,0,0,0,0,0,0,0,https://www.adobe.com/products/photoshop.html#section-4
35,11,16,2,0,0,4,0,0,0,0,0,0,0,1,0,1,0,0,0,3.9217,0.0,0.8,0,0,0,0,0,0,0,0,https://www.bbc.com/news/technology
63,23,7,1,2,0,3,0,1,1,2,7,0,0,0,1,0,0,1,4,4.6975,0.1111,0.7143,1,0,0,0,0,2,0,1,http://apple-id-verify.support/unlock?token=abc123&session=9313
39,15,6,2,1,0,3,0,0,0,0,1,0,0,1,0,1,0,1,1,4.3143,0.0256,0.7692,0,0,0,0,0,0,0,0,https://www.dropbox.com/login#section-6
29,15,6,2,0,0,3,0,0,0,0,0,0,0,1,0,1,0,1,1,4.0473,0.0,0.7931,0,0,0,0,0,0,0,0,https://www.dropbox.com/login
42,10,24,3,1,0,6,0,0,0,0,2,0,0,1,0,1,0,0,0,4.0581,0.0476,0.6905,0,0,0,0,0,0,0,0,https://www.hp.com/us-en/home.html/page/28
58,23,6,2,2,0,3,0,1,0,1,0,0,0,0,1,1,0,1,1,4.2535,0.0,0.8276,1,0,0,0,0,1,0,1,http://www.steam-free-items.gq/login?redirect=steampowered
39,14,9,2,0,0,3,0,1,0,1,0,0,0,1,0,1,0,0,0,4.3043,0.0,0.7949,0,0,0,0,0,1,0,0,https://www.github.com/trending?lang=en
50,23,7,1,2,0,3,0,1,0,1,3,0,0,0,1,0,0,1,4,4.6064,0.06,0.76,1,0,0,0,0,1,0,1,http://apple-id-verify.support/unlock?token=abc123
29,15,6,2,0,0,3,0,0,0,0,0,0,0,1,0,1,0,1,1,4.0473,0.0,0.7931,0,0,0,0,0,0,0,0,https://www.dropbox.com/login
29,15,6,2,0,0,3,0,0,0,0,0,0,0,1,0,1,0,1,1,4.0473,0.0,0.7931,0,0,0,0,0,0,0,0,https://www.dropbox.com/login
60,17,24,1,1,0,5,0,0,0,0,2,0,0,1,0,0,0,0,0,4.4754,0.0333,0.8167,0,0,0,0,0,0,0,0,https://stackoverflow.com/questions/tagged/python#section-10
34,18,0,2,0,0,2,0,1,0,1,0,0,0,1,0,1,0,0,0,4.3372,0.0,0.7941,0,0,0,0,0,1,0,0,https://www.cloudflare.com?lang=en
58,44,7,5,2,0,3,0,0,0,0,0,0,0,0,1,4,0,1,4,4.2698,0.0,0.8103,0,0,0,0,0,0,0,1,http://www.login-support.amazon.com.evil-domain.com/signin
41,15,18,3,0,0,5,0,0,0,0,1,0,0,1,0,1,0,0,0,4.1411,0.0244,0.7561,0,0,0,0,0,0,0,0,https://docs.python.org/3/library/re.html
50,28,6,2,2,0,3,0,1,0,1,5,0,0,0,1,1,0,1,1,4.2391,0.1,0.7,1,0,0,0,0,1,0,1,http://www.prize-winner-confirm.win/claim?id=99999
42,11,14,3,0,0,4,0,1,0,1,14,0,1,0,1,0,0,1,2,4.5585,0.3333,0.4286,1,0,0,0,0,1,0,1,http://12.34.56.78/login/banking?id=779094
52,30,15,2,2,0,4,0,0,0,0,0,0,0,0,1,1,0,1,3,4.3245,0.0,0.8269,1,0,0,0,0,0,0,1,http://www.netflix-billing-update.xyz/account/update
51,32,12,3,2,0,4,0,0,0,0,0,0,0,0,1,2,0,1,4,4.2727,0.0,0.8039,1,0,0,0,0,0,0,1,http://www.www.secure-login-update.info/bank/signin
33,14,2,2,0,0,3,0,1,0,1,0,0,0,1,0,1,0,1,1,3.9981,0.0,0.7576,0,0,0,0,0,1,0,0,https://www.amazon.com/s?k=laptop
57,28,12,2,2,0,4,0,1,0,1,6,0,0,0,1,1,0,1,4,4.649,0.1053,0.7018,1,0,0,0,0,1,0,1,http://www.secure-login-update.info/bank/signin?id=416061
25,17,0,2,0,0,2,0,0,0,0,0,0,0,1,0,1,0,1,1,3.8635,0.0,0.8,0,0,0,0,0,0,0,0,https://www.instagram.com
29,16,5,2,0,0,3,0,0,0,0,0,0,0,1,0,1,0,0,0,4.0213,0.0,0.7931,0,0,0,0,0,0,0,0,https://www.linkedin.com/feed
36,13,7,2,0,0,3,0,1,0,1,0,0,0,1,0,1,0,1,1,4.086,0.0,0.7778,0,0,0,0,0,1,0,0,https://www.apple.com/iphone?lang=en
32,16,0,2,0,0,2,0,1,0,1,0,0,0,1,0,1,0,1,1,4.2653,0.0,0.7812,0,0,0,0,0,1,0,0,https://www.facebook.com?lang=en
26,18,0,2,0,0,2,0,0,0,0,0,0,0,1,0,1,0,0,0,3.8731,0.0,0.8077,0,0,0,0,0,0,0,0,https://www.salesforce.com
41,14,9,2,1,0,4,0,0,0,0,1,0,0,1,0,1,0,0,0,4.0435,0.0244,0.7561,0,0,0,0,0,0,0,0,https://www.reddit.com/r/netsec#section-7
62,20,35,1,2,0,5,0,0,1,1,4,0,0,0,1,0,0,1,3,4.3368,0.0645,0.7581,1,0,0,0,0,0,0,1,http://chase-bank-login.xyz/online/banking/signin&session=2527
37,16,13,2,0,0,5,0,0,0,0,2,0,0,1,0,1,0,0,0,4.1726,0.0541,0.7297,0,0,0,0,0,0,0,0,https://www.linkedin.com/feed/page/22
42,28,7,3,1,0,3,0,0,0,0,0,0,0,0,1,2,0,1,4,4.1057,0.0,0.8095,1,0,0,0,0,0,0,1,http://www.secure.update-account.ga/signin
37,15,14,2,1,0,4,0,0,0,0,0,0,0,1,0,1,0,0,0,4.3578,0.0,0.7838,0,0,0,0,0,0,0,0,https://www.mozilla.org/en-US/firefox
55,31,7,2,2,0,3,0,1,0,1,6,0,0,0,1,1,0,1,1,4.6582,0.1091,0.7091,0,0,0,0,0,1,0,1,http://www-paypal-com.phishingsite.com/webscr?id=841995
41,14,9,2,1,0,4,0,0,0,0,1,0,0,1,0,1,0,0,0,4.0435,0.0244,0.7561,0,0,0,0,0,0,0,0,https://www.reddit.com/r/netsec#section-9
48,26,15,1,2,0,4,0,0,0,0,0,0,0,0,1,0,0,1,3,4.2351,0.0,0.8333,1,0,0,0,0,0,0,1,http://netflix-billing-update.xyz/account/update
56,22,27,2,2,0,3,0,0,1,1,4,0,0,0,1,0,0,1,3,4.5953,0.0714,0.75,1,0,0,0,0,0,0,1,http://ebay-account-verify.ga/ebayisapi.dll&session=5542
47,24,16,1,2,0,4,0,0,0,0,0,0,0,0,1,0,0,1,4,4.4083,0.0,0.8298,1,0,0,0,0,0,0,1,http://update-your-password.xyz/microsoft/login
46,13,25,2,0,0,8,0,0,0,0,2,0,0,1,0,1,0,0,0,4.0316,0.0435,0.7174,0,0,0,0,0,0,0,0,https://www.cisco.com/c/en/us/products/page/19
42,28,7,3,1,0,3,0,0,0,0,0,0,0,0,1,2,0,1,4,4.1057,0.0,0.8095,1,0,0,0,0,0,0,1,http://www.secure.update-account.ga/signin
47,17,22,2,1,0,6,0,0,0,0,2,0,0,1,0,1,0,1,1,4.2381,0.0426,0.7447,0,0,0,0,0,0,0,0,https://www.microsoft.com/en-us/windows/page/43
54,20,17,1,2,0,4,0,1,0,1,6,0,0,0,1,0,0,1,4,4.4912,0.1111,0.7037,0,0,0,0,0,1,0,1,http://support-apple-id.com/account/validate?id=378258
49,17,14,2,2,0,4,0,0,0,0,1,0,0,1,0,1,0,1,1,4.123,0.0204,0.7755,0,0,0,0,0,0,0,0,https://www.microsoft.com/en-us/windows#section-4
54,15,6,2,1,0,3,0,1,0,1,4,0,0,1,0,1,0,0,0,4.7062,0.0741,0.7407,0,0,0,0,0,1,0,0,https://www.youtube.com/watch?v=dQw4w9WgXcQ#section-10
48,24,17,2,2,0,4,0,0,0,0,0,0,0,0,1,1,0,1,4,4.179,0.0,0.8125,0,0,0,0,0,0,0,1,http://www.support-apple-id.com/account/validate
44,23,14,1,2,0,4,0,0,0,0,0,0,0,0,1,0,0,1,4,4.1552,0.0,0.8182,1,0,0,0,0,0,0,1,http://confirm-your-account.ml/amazon/signin
63,23,7,1,2,0,3,0,1,1,2,7,0,0,0,1,0,0,1,4,4.8047,0.1111,0.7143,1,0,0,0,0,2,0,1,http://apple-id-verify.support/unlock?token=abc123&session=6085
26,12,6,2,1,0,3,0,0,0,0,0,0,0,1,0,1,0,0,0,3.9501,0.0,0.7308,0,0,0,0,0,0,0,0,https://www.dell.com/en-us
34,18,8,2,0,0,4,0,0,0,0,2,0,0,1,0,1,0,0,0,4.2417,0.0588,0.7353,0,0,0,0,0,0,0,0,https://www.cloudflare.com/page/43
47,17,22,2,1,0,6,0,0,0,0,2,0,0,1,0,1,0,1,1,4.2381,0.0426,0.7447,0,0,0,0,0,0,0,0,https://www.microsoft.com/en-us/windows/page/25
56,27,22,3,2,0,4,0,0,0,0,0,0,0,0,1,1,0,1,1,4.4102,0.0,0.8214,1,0,0,0,1,0,0,1,http://www.fake-antivirus-alert.ml/download/security.exe
51,23,21,1,2,0,3,0,0,1,1,4,0,0,0,1,0,0,1,3,4.5884,0.0784,0.7451,1,0,0,0,0,0,0,1,http://twitter-login-verify.ml/account&session=2041
47,17,14,2,1,0,4,0,1,0,1,0,0,0,1,0,1,0,1,1,4.3128,0.0,0.7872,0,0,0,0,0,1,0,0,https://www.microsoft.com/en-us/windows?lang=en
49,20,12,2,1,0,4,0,1,0,1,0,0,0,0,1,1,0,0,0,4.3948,0.0,0.7959,1,0,0,0,0,1,0,1,http://www.dropbox-phish.tk/files/share?token=abc
63,13,32,3,1,0,7,0,0,0,0,1,0,0,1,0,1,0,0,0,4.0772,0.0159,0.7778,0,0,0,0,0,0,0,0,https://www.intel.com/content/www/us/en/homepage.html#section-1
48,24,7,2,1,0,3,0,1,0,1,6,0,0,0,1,1,0,1,4,4.4749,0.125,0.6875,1,0,0,0,0,1,0,1,http://secure.update-account.ga/signin?id=624563
43,11,25,4,1,0,4,0,0,0,0,8,0,1,0,1,0,0,1,3,4.217,0.186,0.5814,1,0,0,0,1,0,0,1,http://192.168.1.1/login/account-update.php
40,15,7,2,1,0,3,0,0,0,0,1,0,0,1,0,1,0,1,1,4.2464,0.025,0.775,0,0,0,0,0,0,0,0,https://www.netflix.com/browse#section-9
45,31,7,2,2,0,3,0,0,0,0,0,0,0,0,1,1,0,1,4,4.2611,0.0,0.8222,1,0,0,0,0,0,0,1,http://www.amazon-account-suspended.ml/signin
34,12,6,2,1,0,3,0,1,0,1,0,0,0,1,0,1,0,0,0,4.2117,0.0,0.7353,0,0,0,0,0,1,0,0,https://www.dell.com/en-us?lang=en
41,14,9,2,1,0,3,0,0,0,0,1,0,0,1,0,1,0,0,0,4.269,0.0244,0.7805,0,0,0,0,0,0,0,0,https://www.github.com/trending#section-4
55,19,29,1,2,0,3,0,0,1,1,4,0,0,0,1,0,0,1,4,4.5562,0.0727,0.7636,1,0,0,0,0,0,0,1,http://instagram-verify.tk/account-confirm&session=4637
63,23,7,1,2,0,3,0,1,1,2,7,0,0,0,1,0,0,1,4,4.7729,0.1111,0.7143,1,0,0,0,0,2,0,1,http://apple-id-verify.support/unlock?token=abc123&session=6447
56,11,38,4,1,0,4,0,0,1,1,12,0,1,0,1,0,0,1,3,4.5883,0.2143,0.5714,1,0,0,0,0,0,0,1,http://192.168.1.1/login/account-update.php&session=4335
53,13,32,3,0,0,6,0,0,0,0,2,0,0,1,0,1,0,0,0,4.0958,0.0377,0.7736,0,0,0,0,0,0,0,0,https://www.adobe.com/products/photoshop.html/page/19
46,13,25,2,0,0,8,0,0,0,0,2,0,0,1,0,1,0,0,0,4.0316,0.0435,0.7174,0,0,0,0,0,0,0,0,https://www.cisco.com/c/en/us/products/page/48
43,14,2,2,1,0,3,0,1,0,1,1,0,0,1,0,1,0,1,1,4.3152,0.0233,0.7442,0,0,0,0,0,1,0,0,https://www.amazon.com/s?k=laptop#section-2
51,27,7,1,2,0,3,0,1,0,1,6,0,0,0,1,0,0,1,4,4.5717,0.1176,0.7059,1,0,0,0,0,1,0,1,http://amazon-account-suspended.ml/signin?id=988432
58,26,15,1,2,0,4,0,1,0,1,6,0,0,0,1,0,0,1,3,4.5554,0.1034,0.7241,1,0,0,0,0,1,0,1,http://netflix-billing-update.xyz/account/update?id=282256
41,14,9,2,1,0,4,0,0,0,0,1,0,0,1,0,1,0,0,0,4.0435,0.0244,0.7561,0,0,0,0,0,0,0,0,https://www.reddit.com/r/netsec#section-6
41,14,2,2,0,0,3,0,2,0,2,0,0,0,1,0,1,0,1,1,4.1739,0.0,0.7561,0,0,0,0,0,1,0,0,https://www.amazon.com/s?k=laptop?lang=en
29,16,5,2,0,0,3,0,0,0,0,0,0,0,1,0,1,0,0,0,4.0213,0.0,0.7931,0,0,0,0,0,0,0,0,https://www.linkedin.com/feed
41,14,9,2,1,0,3,0,0,0,0,1,0,0,1,0,1,0,0,0,4.269,0.0244,0.7805,0,0,0,0,0,0,0,0,https://www.github.com/trending#section-3
43,11,16,2,0,0,4,0,1,0,1,0,0,0,1,0,1,0,0,0,4.1467,0.0,0.7907,0,0,0,0,0,1,0,0,https://www.bbc.com/news/technology?lang=en
44,20,17,1,2,0,3,0,0,0,0,0,0,0,0,1,0,0,1,2,4.2179,0.0,0.8409,1,0,0,0,0,0,0,1,http://facebook-security.cf/confirm-identity
28,10,11,2,0,0,3,0,0,0,0,2,0,0,0,1,1,0,0,0,3.9852,0.0714,0.7143,1,0,0,0,0,0,0,1,http://www.bit.ly/3xPhish1ng
30,15,7,2,0,0,3,0,0,0,0,0,0,0,1,0,1,0,1,1,4.0566,0.0,0.8,0,0,0,0,0,0,0,0,https://www.netflix.com/browse
68,33,28,2,3,0,3,0,0,1,1,4,0,0,0,1,1,0,1,5,4.3958,0.0588,0.7794,0,0,0,0,0,0,0,1,http://login.microsoft-support-alert.com/password-reset&session=6736
39,14,9,2,0,0,3,0,1,0,1,0,0,0,1,0,1,0,0,0,4.3043,0.0,0.7949,0,0,0,0,0,1,0,0,https://www.github.com/trending?lang=en
31,15,0,2,0,0,2,0,1,0,1,0,0,0,1,0,1,0,0,0,4.0636,0.0,0.7742,0,0,0,0,0,1,0,0,https://www.twitter.com?lang=en
38,15,7,2,0,0,3,0,1,0,1,0,0,0,1,0,1,0,1,1,4.3264,0.0,0.7895,0,0,0,0,0,1,0,0,https://www.netflix.com/browse?lang=en
49,28,14,2,2,0,4,0,0,0,0,0,0,0,0,1,1,0,1,4,4.3794,0.0,0.8163,1,0,0,0,0,0,0,1,http://www.google-account-locked.tk/signin/verify
34,15,11,2,0,0,5,0,0,0,0,2,0,0,1,0,1,0,0,0,3.9591,0.0588,0.7059,0,0,0,0,0,0,0,0,https://www.samsung.com/us/page/49
55,17,30,2,0,1,6,0,0,0,0,2,0,0,1,0,1,0,0,0,4.1989,0.0364,0.7818,0,0,0,0,0,0,0,0,https://www.wikipedia.org/wiki/Machine_learning/page/43
50,12,11,3,0,1,4,0,2,0,2,0,0,0,1,0,1,0,0,0,4.3586,0.0,0.74,0,0,0,0,0,1,0,0,https://www.ebay.com/sch/i.html?_nkw=phone?lang=en
58,24,27,1,2,0,4,0,0,1,1,4,0,0,0,1,0,0,1,4,4.5283,0.069,0.7586,1,0,0,0,0,0,0,1,http://google-account-locked.tk/signin/verify&session=7484
57,28,12,2,2,0,4,0,1,0,1,6,0,0,0,1,1,0,1,4,4.684,0.1053,0.7018,1,0,0,0,0,1,0,1,http://www.secure-login-update.info/bank/signin?id=145934
50,28,6,2,2,0,3,0,1,0,1,5,0,0,0,1,1,0,1,1,4.2391,0.1,0.7,1,0,0,0,0,1,0,1,http://www.prize-winner-confirm.win/claim?id=99999
49,35,7,3,2,0,3,0,0,0,0,0,0,0,0,1,2,0,1,1,4.167,0.0,0.8163,0,0,0,0,0,0,0,1,http://www.www-paypal-com.phishingsite.com/webscr
43,14,2,2,1,0,3,0,1,0,1,1,0,0,1,0,1,0,1,1,4.3152,0.0233,0.7442,0,0,0,0,0,1,0,0,https://www.amazon.com/s?k=laptop#section-3
62,23,7,1,2,0,3,0,1,1,2,5,0,0,0,1,0,0,1,3,4.642,0.0806,0.7419,0,0,0,0,0,2,0,1,http://paypa1-secure-login.com/verify?user=victim&session=6649
37,6,24,1,0,0,3,0,0,1,1,6,0,0,0,1,0,1,0,0,4.3711,0.1622,0.6486,1,0,0,0,0,0,0,1,http://bit.ly/3xPhish1ng&session=2625
47,15,25,5,1,0,4,0,0,0,0,8,0,0,0,1,4,0,1,3,4.2702,0.1702,0.5957,1,0,0,0,1,0,0,1,http://www.192.168.1.1/login/account-update.php
55,17,30,2,0,1,6,0,0,0,0,2,0,0,1,0,1,0,0,0,4.1989,0.0364,0.7818,0,0,0,0,0,0,0,0,https://www.wikipedia.org/wiki/Machine_learning/page/25
68,33,28,2,3,0,3,0,0,1,1,4,0,0,0,1,1,0,1,5,4.4252,0.0588,0.7794,0,0,0,0,0,0,0,1,http://login.microsoft-support-alert.com/password-reset&session=1472
57,23,27,1,2,0,4,0,0,1,1,4,0,0,0,1,0,0,1,4,4.4137,0.0702,0.7544,1,0,0,0,0,0,0,1,http://confirm-your-account.ml/amazon/signin&session=6626
50,23,7,1,2,0,3,0,1,0,1,3,0,0,0,1,0,0,1,4,4.6064,0.06,0.76,1,0,0,0,0,1,0,1,http://apple-id-verify.support/unlock?token=abc123
54,32,15,2,3,0,3,0,0,0,0,0,0,0,0,1,1,0,1,5,4.1742,0.0,0.8333,1,0,0,0,0,0,0,1,http://login.microsoft-support-alert.ga/password-reset
45,11,16,2,1,0,4,0,0,0,0,1,0,0,1,0,1,0,0,0,4.1526,0.0222,0.7778,0,0,0,0,0,0,0,0,https://www.bbc.com/news/technology#section-8
60,28,25,2,2,0,4,0,0,1,1,4,0,0,0,1,1,0,1,4,4.5237,0.0667,0.75,1,0,0,0,0,0,0,1,http://www.secure-login-update.info/bank/signin&session=3955
38,23,8,1,2,0,3,0,0,0,0,0,0,0,0,1,0,0,1,3,4.2211,0.0,0.8158,1,0,0,0,0,0,0,1,http://twitter-login-verify.ml/account
46,13,17,2,0,0,6,0,1,0,1,0,0,0,1,0,1,0,0,0,4.1727,0.0,0.7609,0,0,0,0,0,1,0,0,https://www.cisco.com/c/en/us/products?lang=en
43,11,25,4,1,0,4,0,0,0,0,8,0,1,0,1,0,0,1,3,4.217,0.186,0.5814,1,0,0,0,1,0,0,1,http://192.168.1.1/login/account-update.php
58,24,27,1,2,0,4,0,0,1,1,4,0,0,0,1,0,0,1,4,4.5628,0.069,0.7586,1,0,0,0,0,0,0,1,http://google-account-locked.tk/signin/verify&session=7693
34,10,16,3,1,0,4,0,0,0,0,0,0,0,1,0,1,0,0,0,3.8222,0.0,0.7353,0,0,0,0,0,0,0,0,https://www.hp.com/us-en/home.html
35,11,6,2,1,0,3,0,0,0,0,1,0,0,1,0,1,0,0,0,4.2214,0.0286,0.7429,0,0,0,0,0,0,0,0,https://www.ibm.com/cloud#section-1
53,27,7,2,2,0,3,0,1,0,1,1,0,0,0,1,1,0,1,3,4.5481,0.0189,0.7925,0,0,0,0,0,1,0,1,http://www.paypa1-secure-login.com/verify?user=victim
46,24,6,1,2,0,3,0,1,0,1,5,0,0,0,1,0,0,1,1,4.249,0.1087,0.6957,1,0,0,0,0,1,0,1,http://prize-winner-confirm.win/claim?id=99999
44,20,17,1,2,0,3,0,0,0,0,0,0,0,0,1,0,0,1,2,4.2179,0.0,0.8409,1,0,0,0,0,0,0,1,http://facebook-security.cf/confirm-identity
32,16,0,2,0,0,2,0,1,0,1,0,0,0,1,0,1,0,1,1,4.2653,0.0,0.7812,0,0,0,0,0,1,0,0,https://www.facebook.com?lang=en
36,18,0,2,1,0,2,0,0,0,0,1,0,0,1,0,1,0,0,0,4.3638,0.0278,0.7778,0,0,0,0,0,0,0,0,https://www.cloudflare.com#section-2
31,15,8,2,0,0,4,0,0,0,0,2,0,0,1,0,1,0,0,0,3.87,0.0645,0.7097,0,0,0,0,0,0,0,0,https://www.twitter.com/page/50
35,11,16,2,0,0,4,0,0,0,0,0,0,0,1,0,1,0,0,0,3.9217,0.0,0.8,0,0,0,0,0,0,0,0,https://www.bbc.com/news/technology
28,13,7,2,0,0,3,0,0,0,0,0,0,0,1,0,1,0,1,1,3.8249,0.0,0.7857,0,0,0,0,0,0,0,0,https://www.apple.com/iphone
39,16,5,2,1,0,3,0,0,0,0,1,0,0,1,0,1,0,0,0,4.2143,0.0256,0.7692,0,0,0,0,0,0,0,0,https://www.linkedin.com/feed#section-9
51,27,7,1,2,0,3,0,1,0,1,6,0,0,0,1,0,0,1,4,4.5324,0.1176,0.7059,1,0,0,0,0,1,0,1,http://amazon-account-suspended.ml/signin?id=975522
47,17,22,2,1,0,6,0,0,0,0,2,0,0,1,0,1,0,1,1,4.2381,0.0426,0.7447,0,0,0,0,0,0,0,0,https://www.microsoft.com/en-us/windows/page/30
46,13,17,2,0,0,6,0,1,0,1,0,0,0,1,0,1,0,0,0,4.1727,0.0,0.7609,0,0,0,0,0,1,0,0,https://www.cisco.com/c/en/us/products?lang=en
54,27,20,1,2,0,3,0,0,1,1,4,0,0,0,1,0,0,1,4,4.3558,0.0741,0.7593,1,0,0,0,0,0,0,1,http://amazon-account-suspended.ml/signin&session=6655
27,14,5,2,0,0,3,0,0,0,0,0,0,0,1,0,1,0,0,0,3.9303,0.0,0.7778,0,0,0,0,0,0,0,0,https://www.oracle.com/java
47,17,22,2,1,0,6,0,0,0,0,2,0,0,1,0,1,0,1,1,4.2381,0.0426,0.7447,0,0,0,0,0,0,0,0,https://www.microsoft.com/en-us/windows/page/10
31,15,0,2,0,0,2,0,1,0,1,0,0,0,1,0,1,0,0,0,4.0636,0.0,0.7742,0,0,0,0,0,1,0,0,https://www.twitter.com?lang=en
54,23,24,1,1,0,5,0,0,0,0,0,0,0,0,1,0,0,1,4,4.1711,0.0,0.8519,1,0,0,0,0,0,0,1,http://microsoft-alert.support/windows/security/update
41,15,18,3,0,0,5,0,0,0,0,1,0,0,1,0,1,0,0,0,4.1411,0.0244,0.7561,0,0,0,0,0,0,0,0,https://docs.python.org/3/library/re.html
57,30,20,3,1,0,3,0,0,1,1,4,0,0,0,1,2,0,1,2,4.4753,0.0702,0.7544,1,0,0,0,0,0,0,1,http://paypal.com.malicious-domain.ru/wallet&session=6977
36,13,7,2,0,0,3,0,1,0,1,0,0,0,1,0,1,0,1,1,4.086,0.0,0.7778,0,0,0,0,0,1,0,0,https://www.apple.com/iphone?lang=en
38,21,10,2,1,0,3,0,0,0,0,0,0,0,0,1,0,0,1,3,4.2012,0.0,0.8158,1,0,0,0,1,0,0,1,http://credential-verify.win/login.php
54,30,7,3,1,0,3,0,1,0,1,6,0,0,0,1,2,0,1,2,4.5671,0.1111,0.7037,1,0,0,0,0,1,0,1,http://paypal.com.malicious-domain.ru/wallet?id=437145
35,11,16,2,0,0,4,0,0,0,0,0,0,0,1,0,1,0,0,0,3.9217,0.0,0.8,0,0,0,0,0,0,0,0,https://www.bbc.com/news/technology
24,16,0,2,0,0,2,0,0,0,0,0,0,0,1,0,1,0,1,1,3.8554,0.0,0.7917,0,0,0,0,0,0,0,0,https://www.facebook.com
34,15,11,2,0,0,5,0,0,0,0,2,0,0,1,0,1,0,0,0,3.9591,0.0588,0.7059,0,0,0,0,0,0,0,0,https://www.samsung.com/us/page/41
51,15,18,3,1,0,5,0,0,0,0,2,0,0,1,0,1,0,0,0,4.3492,0.0392,0.7451,0,0,0,0,0,0,0,0,https://docs.python.org/3/library/re.html#section-6
32,14,0,2,1,0,2,0,0,0,0,1,0,0,1,0,1,0,1,1,4.0778,0.0312,0.75,0,0,0,0,0,0,0,0,https://www.google.com#section-9
33,14,2,2,0,0,3,0,1,0,1,0,0,0,1,0,1,0,1,1,3.9981,0.0,0.7576,0,0,0,0,0,1,0,0,https://www.amazon.com/s?k=laptop
50,12,11,3,0,1,4,0,2,0,2,0,0,0,1,0,1,0,0,0,4.3586,0.0,0.74,0,0,0,0,0,1,0,0,https://www.ebay.com/sch/i.html?_nkw=phone?lang=en
41,14,9,2,1,0,3,0,0,0,0,1,0,0,1,0,1,0,0,0,4.269,0.0244,0.7805,0,0,0,0,0,0,0,0,https://www.github.com/trending#section-2
58,23,6,2,2,0,3,0,1,0,1,0,0,0,0,1,1,0,1,1,4.2535,0.0,0.8276,1,0,0,0,0,1,0,1,http://www.steam-free-items.gq/login?redirect=steampowered
53,13,24,3,0,0,4,0,1,0,1,0,0,0,1,0,1,0,0,0,4.2301,0.0,0.8113,0,0,0,0,0,1,0,0,https://www.adobe.com/products/photoshop.html?lang=en
32,11,14,3,0,0,4,0,0,0,0,8,0,1,0,1,0,0,1,2,4.2653,0.25,0.5,1,0,0,0,0,0,0,1,http://12.34.56.78/login/banking
47,17,14,2,1,0,4,0,1,0,1,0,0,0,1,0,1,0,1,1,4.3128,0.0,0.7872,0,0,0,0,0,1,0,0,https://www.microsoft.com/en-us/windows?lang=en
42,12,11,3,0,1,4,0,1,0,1,0,0,0,1,0,1,0,0,0,4.2611,0.0,0.7381,0,0,0,0,0,1,0,0,https://www.ebay.com/sch/i.html?_nkw=phone
30,14,8,2,0,0,4,0,0,0,0,2,0,0,1,0,1,0,1,1,3.8981,0.0667,0.7,0,0,0,0,0,0,0,0,https://www.google.com/page/34
48,22,7,1,2,0,3,0,1,0,1,1,0,0,0,1,0,0,1,3,4.4647,0.0208,0.7917,1,0,0,0,0,1,0,1,http://paypa1-secure-login.cf/verify?user=victim
30,15,7,2,0,0,3,0,0,0,0,0,0,0,1,0,1,0,1,1,4.0566,0.0,0.8,0,0,0,0,0,0,0,0,https://www.netflix.com/browse
32,16,0,2,0,0,2,0,1,0,1,0,0,0,1,0,1,0,1,1,4.2653,0.0,0.7812,0,0,0,0,0,1,0,0,https://www.facebook.com?lang=en
